Workbook

Sheet 按到港分类货柜清单
A1: 分类 | B1: 集装箱号 | D1: 物流状态 | E1: EXCEL | G1: 目的港 | H1: ETA（预计到港） | I1: ATA（实际到港） | J1: 备货单号 | K1: 出运日期 | L1: 还箱日期
A2: 今日之前到港未提柜 | B2: BEAU5730626 | D2: at_port | E2: =VLOOKUP(J2,Sheet1!C:H,5,0) -> 未清关 | G2: 纽瓦克 | H2: 2026-02-18 | I2: 2026-02-18 | J2: 25DSA5613
A3: 今日之前到港未提柜 | B3: CAAU9221491 | D3: at_port | E3: =VLOOKUP(J3,Sheet1!C:H,5,0) -> 未清关 | G3: 萨凡纳 | H3: 2026-02-25 | I3: 2026-02-25 | J3: 25DSA5987
A4: 今日之前到港未提柜 | B4: CAIU7235539 | D4: at_port | E4: =VLOOKUP(J4,Sheet1!C:H,5,0) -> 未清关 | G4: 洛杉矶 | H4: 2026-02-19 | I4: 2026-02-19 | J4: 25DSA06516
A5: 今日之前到港未提柜 | B5: CAIU9970363 | D5: at_port | E5: =VLOOKUP(J5,Sheet1!C:H,5,0) -> 未清关 | G5: 萨凡纳 | H5: 2026-02-25 | I5: 2026-02-24 | J5: 25DSA06334
A6: 今日之前到港未提柜 | B6: FSCU8507808 | D6: at_port | E6: =VLOOKUP(J6,Sheet1!C:H,5,0) -> 未清关 | G6: 萨凡纳 | H6: 2026-02-25 | I6: 2026-02-24 | J6: 25DSA06328
A7: 今日之前到港未提柜 | B7: GCXU5599790 | D7: at_port | E7: =VLOOKUP(J7,Sheet1!C:H,5,0) -> 未清关 | G7: 洛杉矶 | H7: 2026-02-25 | I7: 2026-02-25 | J7: 25DSA6072
A8: 今日之前到港未提柜 | B8: HASU4405826 | D8: at_port | E8: =VLOOKUP(J8,Sheet1!C:H,5,0) -> 未清关 | G8: 洛杉矶 | H8: 2026-02-25 | I8: 2026-02-25 | J8: 25DSA6073
A9: 今日之前到港未提柜 | B9: HMMU4016860 | D9: at_port | E9: =VLOOKUP(J9,Sheet1!C:H,5,0) -> 未清关 | G9: 萨凡纳 | H9: 2026-02-25 | I9: 2026-02-24 | J9: 25DSA06317
A10: 今日之前到港未提柜 | B10: HMMU4139490 | D10: at_port | E10: =VLOOKUP(J10,Sheet1!C:H,5,0) -> 未清关 | G10: 萨凡纳 | H10: 2026-02-25 | I10: 2026-02-24 | J10: 25DSA06319
A11: 今日之前到港未提柜 | B11: HMMU4181756 | D11: at_port | E11: =VLOOKUP(J11,Sheet1!C:H,5,0) -> 未清关 | G11: 长滩 | H11: 2026-02-22 | I11: 2026-02-23 | J11: 25DSA06290
A12: 今日之前到港未提柜 | B12: HMMU4753337 | D12: at_port | E12: =VLOOKUP(J12,Sheet1!C:H,5,0) -> 未清关 | G12: 长滩 | H12: 2026-02-22 | I12: 2026-02-23 | J12: 25DSA06273
A13: 今日之前到港未提柜 | B13: HMMU6350686 | D13: at_port | E13: =VLOOKUP(J13,Sheet1!C:H,5,0) -> 未清关 | G13: 萨凡纳 | H13: 2026-02-25 | I13: 2026-02-24 | J13: 25DSA06331
... A47: 今日之前到港未提柜 | B47: UETU7804928 | D47: at_port | E47: =VLOOKUP(J47,Sheet1!C:H,5,0) -> 未清关 | G47: 萨凡纳 | H47: 2026-02-24 | I47: 2026-02-24 | J47: 25DSA06311
A48: 今日之前到港已提柜 | B48: BEAU5745293 | C48: =_xlfn.XLOOKUP($B48,Sheet1!$I:$I,Sheet1!AS:AS,0,0,1) -> 2026-02-05 00:00:00 | D48: returned_empty | E48: =VLOOKUP(J48,Sheet1!C:H,5,0) -> 已完成 | G48: 洛杉矶 | H48: 2026-02-04 | I48: 2026-02-03 | J48: 25DSA5841 | L48: =_xlfn.XLOOKUP($B48,Sheet1!$I:$I,Sheet1!BB:BB,0,0,1) -> 2026-02-11 13:41:00
A49: 今日之前到港已提柜 | B49: BMOU4434917 | D49: picked_up | E49: =VLOOKUP(J49,Sheet1!C:H,5,0) -> 未清关 | G49: 长滩 | H49: 2026-02-22 | I49: 2026-02-22 | J49: 25DSA6237
A50: 今日之前到港已提柜 | B50: BMOU4750406 | C50: =_xlfn.XLOOKUP($B50,Sheet1!$I:$I,Sheet1!AS:AS,0,0,1) -> 2026-02-19 14:42:00 | D50: returned_empty | E50: =VLOOKUP(J50,Sheet1!C:H,5,0) -> 已完成 | G50: 纽约 | H50: 2026-02-12 | I50: 2026-02-12 | J50: 25DSA06406 | L50: =_xlfn.XLOOKUP(B50,Sheet1!I:I,Sheet1!BB:BB,0,0,1) -> 2026-02-26 14:14:00
A51: 今日之前到港已提柜 | B51: BMOU5954723 | D51: picked_up | E51: =VLOOKUP(J51,Sheet1!C:H,5,0) -> 未清关 | G51: 纽约 | H51: 2026-02-13 | I51: 2026-02-15 | J51: 25DSA5998
A52: 今日之前到港已提柜 | B52: BMOU6025461 | C52: =_xlfn.XLOOKUP($B52,Sheet1!$I:$I,Sheet1!AS:AS,0,0,1) -> 2026-01-27 00:00:00 | D52: returned_empty | E52: =VLOOKUP(J52,Sheet1!C:H,5,0) -> 已完成 | G52: 长滩 | H52: 2026-01-24 | I52: 2026-01-24 | J52: 25DSA6216 | L52: =_xlfn.XLOOKUP(B52,Sheet1!I:I,Sheet1!BB:BB,0,0,1) -> 2026-02-02 00:00:00
A53: 今日之前到港已提柜 | B53: CAAU5182798 | D53: picked_up | E53: =VLOOKUP(J53,Sheet1!C:H,5,0) -> 已完成 | G53: 萨凡纳 | H53: 2026-02-14 | I53: 2026-02-14 | J53: 25DSA6172
A54: 今日之前到港已提柜 | B54: CAAU5298366 | C54: =_xlfn.XLOOKUP($B54,Sheet1!$I:$I,Sheet1!AS:AS,0,0,1) -> 2026-02-10 08:55:00 | D54: returned_empty | E54: =VLOOKUP(J54,Sheet1!C:H,5,0) -> 已完成 | G54: 萨凡纳 | H54: 2026-02-06 | I54: 2026-02-05 | J54: 25DSA6121 | L54: =_xlfn.XLOOKUP(B54,Sheet1!I:I,Sheet1!BB:BB,0,0,1) -> 2026-02-12 15:46:00
A55: 今日之前到港已提柜 | B55: CAAU5306327 | C55: =_xlfn.XLOOKUP($B55,Sheet1!$I:$I,Sheet1!AS:AS,0,0,1) -> 2026-02-10 00:00:00 | D55: returned_empty | E55: =VLOOKUP(J55,Sheet1!C:H,5,0) -> 已完成 | G55: 洛杉矶 | H55: 2026-02-04 | I55: 2026-02-03 | J55: 25DSA6148 | L55: =_xlfn.XLOOKUP(B55,Sheet1!I:I,Sheet1!BB:BB,0,0,1) -> 2026-02-16 07:09:00
A56: 今日之前到港已提柜 | B56: CAAU5871117 | D56: picked_up | E56: =VLOOKUP(J56,Sheet1!C:H,5,0) -> 已完成 | G56: 纽约 | H56: 2026-02-13 | I56: 2026-02-15 | J56: 25DSA06427
A57: 今日之前到港已提柜 | B57: CAAU6398884 | D57: picked_up | E57: =VLOOKUP(J57,Sheet1!C:H,5,0) -> 已完成 | G57: 洛杉矶 | H57: 2026-02-18 | I57: 2026-02-18 | J57: 25DSA6071
A58: 今日之前到港已提柜 | B58: CAIU4403602 | C58: =_xlfn.XLOOKUP($B58,Sheet1!$I:$I,Sheet1!AS:AS,0,0,1) -> 2026-02-09 00:00:00 | D58: returned_empty | E58: =VLOOKUP(J58,Sheet1!C:H,5,0) -> 已完成 | G58: 洛杉矶 | H58: 2026-02-07 | I58: 2026-02-07 | J58: 25DSA06487 | L58: =_xlfn.XLOOKUP(B58,Sheet1!I:I,Sheet1!BB:BB,0,0,1) -> 2026-02-18 00:00:00
A59: 今日之前到港已提柜 | B59: CAIU4443591 | D59: picked_up | E59: =VLOOKUP(J59,Sheet1!C:H,5,0) -> 未清关 | G59: 纽约 | H59: 2026-02-12 | I59: 2026-02-12 | J59: 25DSA06418
A60: 今日之前到港已提柜 | B60: CAIU7764152 | D60: picked_up | E60: =VLOOKUP(J60,Sheet1!C:H,5,0) -> 已完成 | G60: 萨凡纳 | H60: 2026-02-15 | I60: 2026-02-15 | J60: 25DSA5854
A61: 今日之前到港已提柜 | B61: CAIU8752480 | C61: =_xlfn.XLOOKUP($B61,Sheet1!$I:$I,Sheet1!AS:AS,0,0,1) -> 2026-02-09 00:00:00 | D61: returned_empty | E61: =VLOOKUP(J61,Sheet1!C:H,5,0) -> 已完成 | G61: 长滩 | H61: 2026-02-03 | I61: 2026-02-03 | J61: 25DSA5674 | L61: =_xlfn.XLOOKUP(B61,Sheet1!I:I,Sheet1!BB:BB,0,0,1) -> 2026-02-12 00:00:00
A62: 今日之前到港已提柜 | B62: CAIU9847256 | C62: =_xlfn.XLOOKUP($B62,Sheet1!$I:$I,Sheet1!AS:AS,0,0,1) -> 2026-01-28 00:00:00 | D62: returned_empty | E62: =VLOOKUP(J62,Sheet1!C:H,5,0) -> 已完成 | G62: 长滩 | H62: 2026-01-24 | I62: 2026-01-24 | J62: 25DSA6217 | L62: =_xlfn.XLOOKUP(B62,Sheet1!I:I,Sheet1!BB:BB,0,0,1) -> 2026-01-29 00:00:00
A63: 今日之前到港已提柜 | B63: CAJU5303664 | C63: =_xlfn.XLOOKUP($B63,Sheet1!$I:$I,Sheet1!AS:AS,0,0,1) -> 2026-02-12 00:00:00 | D63: returned_empty | E63: =VLOOKUP(J63,Sheet1!C:H,5,0) -> 未清关 | G63: 洛杉矶 | H63: 2026-02-11 | I63: 2026-02-10 | J63: 25DSA5947 | L63: =_xlfn.XLOOKUP(B63,Sheet1!I:I,Sheet1!BB:BB,0,0,1) -> 2026-02-18 15:20:00
A64: 今日之前到港已提柜 | B64: CIPU5045140 | C64: =_xlfn.XLOOKUP($B64,Sheet1!$I:$I,Sheet1!AS:AS,0,0,1) -> 2026-02-12 00:00:00 | D64: returned_empty | E64: =VLOOKUP(J64,Sheet1!C:H,5,0) -> 已完成 | G64: 洛杉矶 | H64: 2026-02-11 | I64: 2026-02-10 | J64: 25DSA06517 | L64: =_xlfn.XLOOKUP(B64,Sheet1!I:I,Sheet1!BB:BB,0,0,1) -> 2026-02-23 19:01:00
A65: 今日之前到港已提柜 | B65: FFAU1739261 | C65: =_xlfn.XLOOKUP($B65,Sheet1!$I:$I,Sheet1!AS:AS,0,0,1) -> 2026-02-04 00:00:00 | D65: returned_empty | E65: =VLOOKUP(J65,Sheet1!C:H,5,0) -> 已完成 | G65: 长滩 | H65: 2026-02-01 | I65: 2026-02-01 | J65: 25DSA6214 | L65: =_xlfn.XLOOKUP(B65,Sheet1!I:I,Sheet1!BB:BB,0,0,1) -> 2026-02-11 00:00:00
A66: 今日之前到港已提柜 | B66: FFAU1999660 | C66: =_xlfn.XLOOKUP($B66,Sheet1!$I:$I,Sheet1!AS:AS,0,0,1) -> 2026-02-09 00:00:00 | D66: returned_empty | E66: =VLOOKUP(J66,Sheet1!C:H,5,0) -> 已完成 | G66: 洛杉矶 | H66: 2026-02-07 | I66: 2026-02-07 | J66: 25DSA06485 | L66: =_xlfn.XLOOKUP(B66,Sheet1!I:I,Sheet1!BB:BB,0,0,1) -> 2026-02-18 00:00:00
A67: 今日之前到港已提柜 | B67: FFAU2353416 | C67: =_xlfn.XLOOKUP($B67,Sheet1!$I:$I,Sheet1!AS:AS,0,0,1) -> 2026-02-09 00:00:00 | D67: returned_empty | E67: =VLOOKUP(J67,Sheet1!C:H,5,0) -> 已完成 | G67: 长滩 | H67: 2026-02-03 | I67: 2026-02-03 | J67: 25DSA06478 | L67: =_xlfn.XLOOKUP(B67,Sheet1!I:I,Sheet1!BB:BB,0,0,1) -> 2026-02-18 00:00:00
A68: 今日之前到港已提柜 | B68: FFAU7097390 | C68: =_xlfn.XLOOKUP($B68,Sheet1!$I:$I,Sheet1!AS:AS,0,0,1) -> 2026-02-12 00:00:00 | D68: returned_empty | E68: =VLOOKUP(J68,Sheet1!C:H,5,0) -> 未清关 | G68: 洛杉矶 | H68: 2026-02-11 | I68: 2026-02-10 | J68: 25DSA06519 | L68: =_xlfn.XLOOKUP(B68,Sheet1!I:I,Sheet1!BB:BB,0,0,1) -> 2026-02-21 12:30:00
A69: 今日之前到港已提柜 | B69: FSCU8280139 | C69: =_xlfn.XLOOKUP($B69,Sheet1!$I:$I,Sheet1!AS:AS,0,0,1) -> 2026-02-10 16:44:56 | D69: returned_empty | E69: =VLOOKUP(J69,Sheet1!C:H,5,0) -> 已完成 | G69: 萨凡纳 | H69: 2026-02-06 | I69: 2026-02-05 | J69: 25DSA6162 | L69: =_xlfn.XLOOKUP(B69,Sheet1!I:I,Sheet1!BB:BB,0,0,1) -> 2026-02-14 09:58:00
A70: 今日之前到港已提柜 | B70: FSCU8356738 | C70: =_xlfn.XLOOKUP($B70,Sheet1!$I:$I,Sheet1!AS:AS,0,0,1) -> 2026-02-09 00:00:00 | D70: returned_empty | E70: =VLOOKUP(J70,Sheet1!C:H,5,0) -> 已完成 | G70: 长滩 | H70: 2026-02-03 | I70: 2026-02-03 | J70: 25DSA06481 | L70: =_xlfn.XLOOKUP(B70,Sheet1!I:I,Sheet1!BB:BB,0,0,1) -> 2026-02-11 00:00:00
A71: 今日之前到港已提柜 | B71: GAOU6230589 | C71: =_xlfn.XLOOKUP($B71,Sheet1!$I:$I,Sheet1!AS:AS,0,0,1) -> 2026-02-13 23:59:59 | D71: returned_empty | E71: =VLOOKUP(J71,Sheet1!C:H,5,0) -> 未清关 | G71: 萨凡纳 | H71: 2026-02-11 | I71: 2026-02-10 | J71: 25DSA6019 | L71: =_xlfn.XLOOKUP(B71,Sheet1!I:I,Sheet1!BB:BB,0,0,1) -> 2026-02-20 07:20:00
A72: 今日之前到港已提柜 | B72: HASU4164360 | C72: =_xlfn.XLOOKUP($B72,Sheet1!$I:$I,Sheet1!AS:AS,0,0,1) -> 2026-02-19 23:59:59 | D72: returned_empty | E72: =VLOOKUP(J72,Sheet1!C:H,5,0) -> 已完成 | G72: 萨凡纳 | H72: 2026-02-14 | I72: 2026-02-14 | J72: 25DSA6169 | L72: =_xlfn.XLOOKUP(B72,Sheet1!I:I,Sheet1!BB:BB,0,0,1) -> 2026-02-25 06:03:00
... A78: 今日之前到港已提柜 | B78: HASU4908522 | C78: =_xlfn.XLOOKUP($B78,Sheet1!$I:$I,Sheet1!AS:AS,0,0,1) -> 2026-02-12 00:00:00 | D78: returned_empty | E78: =VLOOKUP(J78,Sheet1!C:H,5,0) -> 未清关 | G78: 洛杉矶 | H78: 2026-02-11 | I78: 2026-02-10 | J78: 25DSA5948 | L78: =_xlfn.XLOOKUP(B78,Sheet1!I:I,Sheet1!BB:BB,0,0,1) -> 2026-02-18 07:29:00
A79: 今日之前到港已提柜 | B79: HASU5098051 | D79: picked_up | E79: =VLOOKUP(J79,Sheet1!C:H,5,0) -> 已完成 | G79: 萨凡纳 | H79: 2026-02-19 | I79: 2026-02-19 | J79: 25DSA6104
A80: 今日之前到港已提柜 | B80: HMMU4052023 | D80: picked_up | E80: =VLOOKUP(J80,Sheet1!C:H,5,0) -> 已完成 | G80: 萨凡纳 | H80: 2026-02-12 | I80: 2026-02-11 | J80: 25DSA6245
A81: 今日之前到港已提柜 | B81: HMMU4177479 | C81: =_xlfn.XLOOKUP($B81,Sheet1!$I:$I,Sheet1!AS:AS,0,0,1) -> 2026-02-09 00:00:00 | D81: returned_empty | E81: =VLOOKUP(J81,Sheet1!C:H,5,0) -> 已完成 | G81: 长滩 | H81: 2026-02-04 | I81: 2026-02-03 | J81: 25DSA06305 | L81: =_xlfn.XLOOKUP(B81,Sheet1!I:I,Sheet1!BB:BB,0,0,1) -> 2026-02-12 12:44:00
A82: 今日之前到港已提柜 | B82: HMMU4289714 | C82: =_xlfn.XLOOKUP($B82,Sheet1!$I:$I,Sheet1!AS:AS,0,0,1) -> 2026-02-16 11:00:00 | D82: returned_empty | E82: =VLOOKUP(J82,Sheet1!C:H,5,0) -> 已完成 | G82: 纽约 | H82: 2026-02-12 | I82: 2026-02-12 | J82: 25DSA06408 | L82: =_xlfn.XLOOKUP(B82,Sheet1!I:I,Sheet1!BB:BB,0,0,1) -> 2026-02-20 09:21:00
A83: 今日之前到港已提柜 | B83: HMMU4317950 | D83: picked_up | E83: =VLOOKUP(J83,Sheet1!C:H,5,0) -> 已完成 | G83: 纽约 | H83: 2026-02-12 | I83: 2026-02-12 | J83: 25DSA06414
A84: 今日之前到港已提柜 | B84: HMMU6059428 | D84: picked_up | E84: =VLOOKUP(J84,Sheet1!C:H,5,0) -> 已完成 | G84: 纽约 | H84: 2026-02-12 | I84: 2026-02-12 | J84: 25DSA06412
A85: 今日之前到港已提柜 | B85: HMMU6190715 | D85: picked_up | E85: =VLOOKUP(J85,Sheet1!C:H,5,0) -> 已完成 | G85: 纽约 | H85: 2026-02-12 | I85: 2026-02-12 | J85: 25DSA06413
A86: 今日之前到港已提柜 | B86: HMMU6265603 | C86: =_xlfn.XLOOKUP($B86,Sheet1!$I:$I,Sheet1!AS:AS,0,0,1) -> 2026-02-20 09:04:00 | D86: returned_empty | E86: =VLOOKUP(J86,Sheet1!C:H,5,0) -> 已完成 | G86: 纽约 | H86: 2026-02-12 | I86: 2026-02-12 | J86: 25DSA06420 | L86: =_xlfn.XLOOKUP(B86,Sheet1!I:I,Sheet1!BB:BB,0,0,1) -> 2026-02-26 14:27:00
A87: 今日之前到港已提柜 | B87: HMMU6351342 | C87: =_xlfn.XLOOKUP($B87,Sheet1!$I:$I,Sheet1!AS:AS,0,0,1) -> 2026-02-16 11:00:00 | D87: returned_empty | E87: =VLOOKUP(J87,Sheet1!C:H,5,0) -> 已完成 | G87: 纽约 | H87: 2026-02-12 | I87: 2026-02-12 | J87: 25DSA06407 | L87: =_xlfn.XLOOKUP(B87,Sheet1!I:I,Sheet1!BB:BB,0,0,1) -> 2026-02-20 06:43:00
A88: 今日之前到港已提柜 | B88: HMMU6367884 | C88: =_xlfn.XLOOKUP($B88,Sheet1!$I:$I,Sheet1!AS:AS,0,0,1) -> 2026-02-16 11:00:00 | D88: returned_empty | E88: =VLOOKUP(J88,Sheet1!C:H,5,0) -> 已完成 | G88: 纽约 | H88: 2026-02-12 | I88: 2026-02-12 | J88: 25DSA06415 | L88: =_xlfn.XLOOKUP(B88,Sheet1!I:I,Sheet1!BB:BB,0,0,1) -> 2026-02-20 09:26:00
A89: 今日之前到港已提柜 | B89: HMMU6436080 | D89: picked_up | E89: =VLOOKUP(J89,Sheet1!C:H,5,0) -> 已完成 | G89: 萨凡纳 | H89: 2026-02-12 | I89: 2026-02-11 | J89: 25DSA06425
A90: 今日之前到港已提柜 | B90: HMMU6469459 | D90: picked_up | E90: =VLOOKUP(J90,Sheet1!C:H,5,0) -> 已完成 | G90: 萨凡纳 | H90: 2026-02-12 | I90: 2026-02-11 | J90: 25DSA6021
A91: 今日之前到港已提柜 | B91: HMMU6548162 | C91: =_xlfn.XLOOKUP($B91,Sheet1!$I:$I,Sheet1!AS:AS,0,0,1) -> 2026-02-12 00:00:00 | D91: returned_empty | E91: =VLOOKUP(J91,Sheet1!C:H,5,0) -> 已完成 | G91: 长滩 | H91: 2026-02-11 | I91: 2026-02-11 | J91: 25DSA06272 | L91: =_xlfn.XLOOKUP(B91,Sheet1!I:I,Sheet1!BB:BB,0,0,1) -> 2026-02-20 07:55:00
A92: 今日之前到港已提柜 | B92: HMMU6555161 | C92: =_xlfn.XLOOKUP($B92,Sheet1!$I:$I,Sheet1!AS:AS,0,0,1) -> 2026-02-17 23:59:59 | D92: returned_empty | E92: =VLOOKUP(J92,Sheet1!C:H,5,0) -> 已完成 | G92: 萨凡纳 | H92: 2026-02-12 | I92: 2026-02-11 | J92: 25DSA6020 | L92: =_xlfn.XLOOKUP(B92,Sheet1!I:I,Sheet1!BB:BB,0,0,1) -> 2026-02-23 15:56:00
A93: 今日之前到港已提柜 | B93: HMMU6624257 | C93: =_xlfn.XLOOKUP($B93,Sheet1!$I:$I,Sheet1!AS:AS,0,0,1) -> 2026-02-19 10:38:00 | D93: returned_empty | E93: =VLOOKUP(J93,Sheet1!C:H,5,0) -> 已完成 | G93: 纽约 | H93: 2026-02-12 | I93: 2026-02-12 | J93: 25DSA06410 | L93: =_xlfn.XLOOKUP(B93,Sheet1!I:I,Sheet1!BB:BB,0,0,1) -> 2026-02-26 10:10:00
A94: 今日之前到港已提柜 | B94: HMMU6817868 | C94: =_xlfn.XLOOKUP($B94,Sheet1!$I:$I,Sheet1!AS:AS,0,0,1) -> 2026-02-19 15:39:00 | D94: returned_empty | E94: =VLOOKUP(J94,Sheet1!C:H,5,0) -> 已完成 | G94: 纽约 | H94: 2026-02-12 | I94: 2026-02-12 | J94: 25DSA06409 | L94: =_xlfn.XLOOKUP(B94,Sheet1!I:I,Sheet1!BB:BB,0,0,1) -> 2026-02-26 14:51:00
A95: 今日之前到港已提柜 | B95: HMMU6979302 | C95: =_xlfn.XLOOKUP($B95,Sheet1!$I:$I,Sheet1!AS:AS,0,0,1) -> 2026-02-17 23:59:59 | D95: returned_empty | E95: =VLOOKUP(J95,Sheet1!C:H,5,0) -> 已完成 | G95: 萨凡纳 | H95: 2026-02-12 | I95: 2026-02-11 | J95: 25DSA6022 | L95: =_xlfn.XLOOKUP(B95,Sheet1!I:I,Sheet1!BB:BB,0,0,1) -> 2026-02-24 07:20:00
A96: 今日之前到港已提柜 | B96: HMMU7095585 | D96: picked_up | E96: =VLOOKUP(J96,Sheet1!C:H,5,0) -> 已完成 | G96: 纽约 | H96: 2026-02-12 | I96: 2026-02-12 | J96: 25DSA06411
A97: 今日之前到港已提柜 | B97: KOCU4025908 | D97: picked_up | E97: =VLOOKUP(J97,Sheet1!C:H,5,0) -> 未清关 | G97: 纽约 | H97: 2026-02-12 | I97: 2026-02-12 | J97: 25DSA06419
A98: 今日之前到港已提柜 | B98: KOCU4231339 | C98: =_xlfn.XLOOKUP($B98,Sheet1!$I:$I,Sheet1!AS:AS,0,0,1) -> 2026-02-12 00:00:00 | D98: returned_empty | E98: =VLOOKUP(J98,Sheet1!C:H,5,0) -> 已完成 | G98: 长滩 | H98: 2026-02-11 | I98: 2026-02-11 | J98: 25DSA06270 | L98: =_xlfn.XLOOKUP(B98,Sheet1!I:I,Sheet1!BB:BB,0,0,1) -> 2026-02-23 07:06:00
A99: 今日之前到港已提柜 | B99: KOCU4564371 | C99: =_xlfn.XLOOKUP($B99,Sheet1!$I:$I,Sheet1!AS:AS,0,0,1) -> 2026-02-09 00:00:00 | D99: returned_empty | E99: =VLOOKUP(J99,Sheet1!C:H,5,0) -> 已完成 | G99: 长滩 | H99: 2026-02-04 | I99: 2026-02-03 | J99: 25DSA06306 | L99: =_xlfn.XLOOKUP(B99,Sheet1!I:I,Sheet1!BB:BB,0,0,1) -> 2026-02-12 13:06:00
A100: 今日之前到港已提柜 | B100: KOCU4642448 | D100: picked_up | E100: =VLOOKUP(J100,Sheet1!C:H,5,0) -> 已完成 | G100: 萨凡纳 | H100: 2026-02-12 | I100: 2026-02-11 | J100: 25DSA6247
A101: 今日之前到港已提柜 | B101: KOCU4749837 | C101: =_xlfn.XLOOKUP($B101,Sheet1!$I:$I,Sheet1!AS:AS,0,0,1) -> 2026-02-17 23:59:59 | D101: returned_empty | E101: =VLOOKUP(J101,Sheet1!C:H,5,0) -> 已完成 | G101: 萨凡纳 | H101: 2026-02-12 | I101: 2026-02-11 | J101: 25DSA06421 | L101: =_xlfn.XLOOKUP(B101,Sheet1!I:I,Sheet1!BB:BB,0,0,1) -> 2026-02-21 08:35:00
A102: 今日之前到港已提柜 | B102: KOCU4872883 | C102: =_xlfn.XLOOKUP($B102,Sheet1!$I:$I,Sheet1!AS:AS,0,0,1) -> 2026-02-17 23:59:59 | D102: returned_empty | E102: =VLOOKUP(J102,Sheet1!C:H,5,0) -> 已完成 | G102: 萨凡纳 | H102: 2026-02-12 | I102: 2026-02-11 | J102: 25DSA6246 | L102: =_xlfn.XLOOKUP(B102,Sheet1!I:I,Sheet1!BB:BB,0,0,1) -> 2026-02-24 09:07:00
A103: 今日之前到港已提柜 | B103: KOCU5098600 | C103: =_xlfn.XLOOKUP($B103,Sheet1!$I:$I,Sheet1!AS:AS,0,0,1) -> 2026-02-16 11:00:00 | D103: returned_empty | E103: =VLOOKUP(J103,Sheet1!C:H,5,0) -> 已完成 | G103: 纽约 | H103: 2026-02-12 | I103: 2026-02-12 | J103: 25DSA06416 | L103: =_xlfn.XLOOKUP(B103,Sheet1!I:I,Sheet1!BB:BB,0,0,1) -> 2026-02-20 13:22:00
A104: 今日之前到港已提柜 | B104: KOCU5121450 | C104: =_xlfn.XLOOKUP($B104,Sheet1!$I:$I,Sheet1!AS:AS,0,0,1) -> 2026-02-17 23:59:59 | D104: returned_empty | E104: =VLOOKUP(J104,Sheet1!C:H,5,0) -> 已完成 | G104: 萨凡纳 | H104: 2026-02-12 | I104: 2026-02-11 | J104: 25DSA6248 | L104: =_xlfn.XLOOKUP(B104,Sheet1!I:I,Sheet1!BB:BB,0,0,1) -> 2026-02-26 10:34:00
A105: 今日之前到港已提柜 | B105: KOCU5142880 | C105: =_xlfn.XLOOKUP($B105,Sheet1!$I:$I,Sheet1!AS:AS,0,0,1) -> 2026-02-12 00:00:00 | D105: returned_empty | E105: =VLOOKUP(J105,Sheet1!C:H,5,0) -> 已完成 | G105: 长滩 | H105: 2026-02-11 | I105: 2026-02-11 | J105: 25DSA06271 | L105: =_xlfn.XLOOKUP(B105,Sheet1!I:I,Sheet1!BB:BB,0,0,1) -> 2026-02-23 09:04:00
A106: 今日之前到港已提柜 | B106: KOCU5174423 | D106: picked_up | E106: =VLOOKUP(J106,Sheet1!C:H,5,0) -> 已完成 | G106: 萨凡纳 | H106: 2026-02-12 | I106: 2026-02-11 | J106: 25DSA06424
A107: 今日之前到港已提柜 | B107: KOCU5218650 | D107: picked_up | E107: =VLOOKUP(J107,Sheet1!C:H,5,0) -> 已完成 | G107: 纽约 | H107: 2026-02-12 | I107: 2026-02-12 | J107: 25DSA06417
A108: 今日之前到港已提柜 | B108: MEDU4417783 | D108: picked_up | E108: =VLOOKUP(J108,Sheet1!C:H,5,0) -> 已完成 | G108: 纽约 | H108: 2026-02-13 | I108: 2026-02-15 | J108: 25DSA6092
A109: 今日之前到港已提柜 | B109: MEDU4699178 | C109: =_xlfn.XLOOKUP($B109,Sheet1!$I:$I,Sheet1!AS:AS,0,0,1) -> 2026-02-15 21:10:35 | D109: returned_empty | E109: =VLOOKUP(J109,Sheet1!C:H,5,0) -> 已完成 | G109: 纽约 | H109: 2026-02-13 | I109: 2026-02-15 | J109: 25DSA6088 | L109: =_xlfn.XLOOKUP(B109,Sheet1!I:I,Sheet1!BB:BB,0,0,1) -> 2026-02-20 00:00:00
A110: 今日之前到港已提柜 | B110: MEDU8497426 | C110: =_xlfn.XLOOKUP($B110,Sheet1!$I:$I,Sheet1!AS:AS,0,0,1) -> 2026-02-09 00:00:00 | D110: returned_empty | E110: =VLOOKUP(J110,Sheet1!C:H,5,0) -> 已完成 | G110: 洛杉矶 | H110: 2026-02-07 | I110: 2026-02-07 | J110: 25DSA06436 | L110: =_xlfn.XLOOKUP(B110,Sheet1!I:I,Sheet1!BB:BB,0,0,1) -> 2026-02-18 00:00:00
A111: 今日之前到港已提柜 | B111: MRKU2231640 | C111: =_xlfn.XLOOKUP($B111,Sheet1!$I:$I,Sheet1!AS:AS,0,0,1) -> 2026-02-19 23:59:59 | D111: returned_empty | E111: =VLOOKUP(J111,Sheet1!C:H,5,0) -> 已完成 | G111: 萨凡纳 | H111: 2026-02-14 | I111: 2026-02-14 | J111: 25DSA6176 | L111: =_xlfn.XLOOKUP(B111,Sheet1!I:I,Sheet1!BB:BB,0,0,1) -> 2026-02-24 16:51:19
A112: 今日之前到港已提柜 | B112: MRKU2305825 | C112: =_xlfn.XLOOKUP($B112,Sheet1!$I:$I,Sheet1!AS:AS,0,0,1) -> 2026-02-19 23:59:59 | D112: returned_empty | E112: =VLOOKUP(J112,Sheet1!C:H,5,0) -> 已完成 | G112: 萨凡纳 | H112: 2026-02-14 | I112: 2026-02-14 | J112: 25DSA6170 | L112: =_xlfn.XLOOKUP(B112,Sheet1!I:I,Sheet1!BB:BB,0,0,1) -> 2026-02-26 08:06:00
A113: 今日之前到港已提柜 | B113: MRKU2706010 | C113: =_xlfn.XLOOKUP($B113,Sheet1!$I:$I,Sheet1!AS:AS,0,0,1) -> 2026-02-12 00:00:00 | D113: returned_empty | E113: =VLOOKUP(J113,Sheet1!C:H,5,0) -> 已完成 | G113: 洛杉矶 | H113: 2026-02-11 | I113: 2026-02-10 | J113: 25DSA06439 | L113: =_xlfn.XLOOKUP(B113,Sheet1!I:I,Sheet1!BB:BB,0,0,1) -> 2026-02-20 07:31:00
A114: 今日之前到港已提柜 | B114: MRKU2759411 | C114: =_xlfn.XLOOKUP($B114,Sheet1!$I:$I,Sheet1!AS:AS,0,0,1) -> 2026-01-27 00:00:00 | D114: returned_empty | E114: =VLOOKUP(J114,Sheet1!C:H,5,0) -> 已完成 | G114: 洛杉矶 | H114: 2026-01-21 | I114: 2026-01-20 | J114: 25DSA6120 | L114: =_xlfn.XLOOKUP(B114,Sheet1!I:I,Sheet1!BB:BB,0,0,1) -> 2026-01-30 17:12:00
A115: 今日之前到港已提柜 | B115: MRKU3361762 | C115: =_xlfn.XLOOKUP($B115,Sheet1!$I:$I,Sheet1!AS:AS,0,0,1) -> 2026-02-19 23:59:59 | D115: returned_empty | E115: =VLOOKUP(J115,Sheet1!C:H,5,0) -> 已完成 | G115: 萨凡纳 | H115: 2026-02-14 | I115: 2026-02-14 | J115: 25DSA6129 | L115: =_xlfn.XLOOKUP(B115,Sheet1!I:I,Sheet1!BB:BB,0,0,1) -> 2026-02-21 13:20:00
A116: 今日之前到港已提柜 | B116: MRKU3828688 | C116: =_xlfn.XLOOKUP($B116,Sheet1!$I:$I,Sheet1!AS:AS,0,0,1) -> 2026-02-19 23:59:59 | D116: returned_empty | E116: =VLOOKUP(J116,Sheet1!C:H,5,0) -> 已完成 | G116: 萨凡纳 | H116: 2026-02-14 | I116: 2026-02-14 | J116: 25DSA6175 | L116: =_xlfn.XLOOKUP(B116,Sheet1!I:I,Sheet1!BB:BB,0,0,1) -> 2026-02-25 06:06:00
A117: 今日之前到港已提柜 | B117: MRKU4027873 | C117: =_xlfn.XLOOKUP($B117,Sheet1!$I:$I,Sheet1!AS:AS,0,0,1) -> 2026-02-07 12:42:00 | D117: returned_empty | E117: =VLOOKUP(J117,Sheet1!C:H,5,0) -> 已完成 | G117: 萨凡纳 | H117: 2026-02-06 | I117: 2026-02-05 | J117: 25DSA5663 | L117: =_xlfn.XLOOKUP(B117,Sheet1!I:I,Sheet1!BB:BB,0,0,1) -> 2026-02-12 07:24:00
A118: 今日之前到港已提柜 | B118: MRKU4376920 | D118: picked_up | E118: =VLOOKUP(J118,Sheet1!C:H,5,0) -> 未清关 | G118: 纽瓦克 | H118: 2026-02-18 | I118: 2026-02-18 | J118: 25DSA0524
A119: 今日之前到港已提柜 | B119: MRKU4407997 | C119: =_xlfn.XLOOKUP($B119,Sheet1!$I:$I,Sheet1!AS:AS,0,0,1) -> 2026-02-09 00:00:00 | D119: returned_empty | E119: =VLOOKUP(J119,Sheet1!C:H,5,0) -> 已完成 | G119: 洛杉矶 | H119: 2026-02-04 | I119: 2026-02-03 | J119: 25DSA6145 | L119: =_xlfn.XLOOKUP(B119,Sheet1!I:I,Sheet1!BB:BB,0,0,1) -> 2026-02-15 07:13:00
A120: 今日之前到港已提柜 | B120: MRKU4744365 | C120: =_xlfn.XLOOKUP($B120,Sheet1!$I:$I,Sheet1!AS:AS,0,0,1) -> 2026-02-12 00:00:00 | D120: returned_empty | E120: =VLOOKUP(J120,Sheet1!C:H,5,0) -> 未清关 | G120: 洛杉矶 | H120: 2026-02-11 | I120: 2026-02-10 | J120: 25DSA06522 | L120: =_xlfn.XLOOKUP(B120,Sheet1!I:I,Sheet1!BB:BB,0,0,1) -> 2026-02-24 07:09:00
A121: 今日之前到港已提柜 | B121: MRKU5057050 | C121: =_xlfn.XLOOKUP($B121,Sheet1!$I:$I,Sheet1!AS:AS,0,0,1) -> 2026-02-12 00:00:00 | D121: returned_empty | E121: =VLOOKUP(J121,Sheet1!C:H,5,0) -> 已完成 | G121: 洛杉矶 | H121: 2026-02-11 | I121: 2026-02-10 | J121: 25DSA06440 | L121: =_xlfn.XLOOKUP(B121,Sheet1!I:I,Sheet1!BB:BB,0,0,1) -> 2026-02-19 07:02:00
A122: 今日之前到港已提柜 | B122: MRKU5139939 | D122: picked_up | E122: =VLOOKUP(J122,Sheet1!C:H,5,0) -> 已完成 | G122: 洛杉矶 | H122: 2026-02-18 | I122: 2026-02-18 | J122: 25DSA06513
A123: 今日之前到港已提柜 | B123: MRKU5200828 | C123: =_xlfn.XLOOKUP($B123,Sheet1!$I:$I,Sheet1!AS:AS,0,0,1) -> 2026-02-19 23:59:59 | D123: returned_empty | E123: =VLOOKUP(J123,Sheet1!C:H,5,0) -> 已完成 | G123: 萨凡纳 | H123: 2026-02-14 | I123: 2026-02-14 | J123: 25DSA6131 | L123: =_xlfn.XLOOKUP(B123,Sheet1!I:I,Sheet1!BB:BB,0,0,1) -> 2026-02-24 16:45:57
A124: 今日之前到港已提柜 | B124: MRKU5370017 | C124: =_xlfn.XLOOKUP($B124,Sheet1!$I:$I,Sheet1!AS:AS,0,0,1) -> 2026-02-19 23:59:59 | D124: returned_empty | E124: =VLOOKUP(J124,Sheet1!C:H,5,0) -> 已完成 | G124: 萨凡纳 | H124: 2026-02-14 | I124: 2026-02-14 | J124: 25DSA6127 | L124: =_xlfn.XLOOKUP(B124,Sheet1!I:I,Sheet1!BB:BB,0,0,1) -> 2026-02-24 16:50:19
A125: 今日之前到港已提柜 | B125: MRKU5426841 | C125: =_xlfn.XLOOKUP($B125,Sheet1!$I:$I,Sheet1!AS:AS,0,0,1) -> 2026-02-10 00:00:00 | D125: returned_empty | E125: =VLOOKUP(J125,Sheet1!C:H,5,0) -> 已完成 | G125: 洛杉矶 | H125: 2026-02-04 | I125: 2026-02-03 | J125: 25DSA6150 | L125: =_xlfn.XLOOKUP(B125,Sheet1!I:I,Sheet1!BB:BB,0,0,1) -> 2026-02-16 07:41:00
A126: 今日之前到港已提柜 | B126: MRKU5688116 | C126: =_xlfn.XLOOKUP($B126,Sheet1!$I:$I,Sheet1!AS:AS,0,0,1) -> 2026-02-09 00:00:00 | D126: returned_empty | E126: =VLOOKUP(J126,Sheet1!C:H,5,0) -> 已完成 | G126: 洛杉矶 | H126: 2026-02-04 | I126: 2026-02-03 | J126: 25DSA6154 | L126: =_xlfn.XLOOKUP(B126,Sheet1!I:I,Sheet1!BB:BB,0,0,1) -> 2026-02-16 07:13:00
A127: 今日之前到港已提柜 | B127: MRKU6088420 | D127: picked_up | E127: =VLOOKUP(J127,Sheet1!C:H,5,0) -> 未清关 | G127: 萨凡纳 | H127: 2026-02-19 | I127: 2026-02-19 | J127: 25DSA6037
A128: 今日之前到港已提柜 | B128: MRSU3357298 | D128: picked_up | E128: =VLOOKUP(J128,Sheet1!C:H,5,0) -> 已完成 | G128: 洛杉矶 | H128: 2026-02-18 | I128: 2026-02-18 | J128: 25DSA6070
A129: 今日之前到港已提柜 | B129: MRSU3453413 | C129: =_xlfn.XLOOKUP($B129,Sheet1!$I:$I,Sheet1!AS:AS,0,0,1) -> 2026-02-12 23:59:59 | D129: returned_empty | E129: =VLOOKUP(J129,Sheet1!C:H,5,0) -> 已完成 | G129: 萨凡纳 | H129: 2026-02-06 | I129: 2026-02-05 | J129: 25DSA6163 | L129: =_xlfn.XLOOKUP(B129,Sheet1!I:I,Sheet1!BB:BB,0,0,1) -> 2026-02-17 07:27:00
A130: 今日之前到港已提柜 | B130: MRSU3454770 | D130: picked_up | E130: =VLOOKUP(J130,Sheet1!C:H,5,0) -> 已完成 | G130: 萨凡纳 | H130: 2026-02-16 | I130: 2026-02-17 | J130: 25DSA6038
A131: 今日之前到港已提柜 | B131: MRSU4189619 | C131: =_xlfn.XLOOKUP($B131,Sheet1!$I:$I,Sheet1!AS:AS,0,0,1) -> 2026-02-09 00:00:00 | D131: returned_empty | E131: =VLOOKUP(J131,Sheet1!C:H,5,0) -> 已完成 | G131: 洛杉矶 | H131: 2026-02-04 | I131: 2026-02-03 | J131: 25DSA6151 | L131: =_xlfn.XLOOKUP(B131,Sheet1!I:I,Sheet1!BB:BB,0,0,1) -> 2026-02-16 07:10:00
A132: 今日之前到港已提柜 | B132: MRSU4349492 | D132: picked_up | E132: =VLOOKUP(J132,Sheet1!C:H,5,0) -> 未清关 | G132: 纽瓦克 | H132: 2026-02-18 | I132: 2026-02-18 | J132: 25DSA5616
A133: 今日之前到港已提柜 | B133: MRSU4559816 | C133: =_xlfn.XLOOKUP($B133,Sheet1!$I:$I,Sheet1!AS:AS,0,0,1) -> 2026-02-12 00:00:00 | D133: returned_empty | E133: =VLOOKUP(J133,Sheet1!C:H,5,0) -> 已完成 | G133: 洛杉矶 | H133: 2026-02-11 | I133: 2026-02-10 | J133: 25DSA06438 | L133: =_xlfn.XLOOKUP(B133,Sheet1!I:I,Sheet1!BB:BB,0,0,1) -> 2026-02-19 12:30:00
A134: 今日之前到港已提柜 | B134: MRSU4865246 | C134: =_xlfn.XLOOKUP($B134,Sheet1!$I:$I,Sheet1!AS:AS,0,0,1) -> 2026-02-10 00:00:00 | D134: returned_empty | E134: =VLOOKUP(J134,Sheet1!C:H,5,0) -> 已完成 | G134: 洛杉矶 | H134: 2026-02-04 | I134: 2026-02-03 | J134: 25DSA6149 | L134: =_xlfn.XLOOKUP(B134,Sheet1!I:I,Sheet1!BB:BB,0,0,1) -> 2026-02-20 19:05:00
A135: 今日之前到港已提柜 | B135: MRSU5532091 | C135: =_xlfn.XLOOKUP($B135,Sheet1!$I:$I,Sheet1!AS:AS,0,0,1) -> 2026-02-10 16:40:43 | D135: returned_empty | E135: =VLOOKUP(J135,Sheet1!C:H,5,0) -> 已完成 | G135: 萨凡纳 | H135: 2026-02-06 | I135: 2026-02-05 | J135: 25DSA6122 | L135: =_xlfn.XLOOKUP(B135,Sheet1!I:I,Sheet1!BB:BB,0,0,1) -> 2026-02-16 08:51:00
A136: 今日之前到港已提柜 | B136: MRSU5736562 | C136: =_xlfn.XLOOKUP($B136,Sheet1!$I:$I,Sheet1!AS:AS,0,0,1) -> 2026-02-12 00:00:00 | D136: returned_empty | E136: =VLOOKUP(J136,Sheet1!C:H,5,0) -> 未清关 | G136: 洛杉矶 | H136: 2026-02-11 | I136: 2026-02-10 | J136: 25DSA06521 | L136: =_xlfn.XLOOKUP(B136,Sheet1!I:I,Sheet1!BB:BB,0,0,1) -> 2026-02-21 06:14:00
A137: 今日之前到港已提柜 | B137: MRSU5957856 | C137: =_xlfn.XLOOKUP($B137,Sheet1!$I:$I,Sheet1!AS:AS,0,0,1) -> 2026-02-09 00:00:00 | D137: returned_empty | E137: =VLOOKUP(J137,Sheet1!C:H,5,0) -> 已完成 | G137: 洛杉矶 | H137: 2026-02-04 | I137: 2026-02-03 | J137: 25DSA6152 | L137: =_xlfn.XLOOKUP(B137,Sheet1!I:I,Sheet1!BB:BB,0,0,1) -> 2026-02-13 11:44:00
A138: 今日之前到港已提柜 | B138: MRSU6299050 | D138: picked_up | E138: =VLOOKUP(J138,Sheet1!C:H,5,0) -> 已完成 | G138: 洛杉矶 | H138: 2026-02-18 | I138: 2026-02-18 | J138: 25DSA6069
...

Sheet Sheet2
A1: CAAU9221491 | B1: at_port | C1: 46084 | D1: eta_dest_port | E1: planned_pickup_date | K1: =VLOOKUP(L1,A:A,1,0) -> #N/A | L1: TGBU7946700 | M1: 46043 | N1: 25DSA6036 | O1: MEDUYM654982 | P1: 40HC | Q1: 在途 | R1: 否 | S1: 否 | T1: 萨凡纳 | U1: 在途 | V1: 46082 | W1: - | X1: - | Y1: 未清关 | AA1: 46080.443
A2: MRKU4378672 | B2: at_port | C2: 46084 | D2: 46082.333 | E2: 46085 | F2: =_xlfn.XLOOKUP(A2,Sheet1!I:I,Sheet1!H:H,0,,) -> 已卸船/火车 | H2: =VLOOKUP(I2,A:A,1,0) -> BEAU5730626 | I2: BEAU5730626 | K2: =VLOOKUP(L2,A:A,1,0) -> #N/A | L2: TLLU8797772 | M2: 46036 | N2: 25DSA6008 | O2: MEDUW7873567 | P2: 40HC | Q2: 在途 | R2: 否 | S2: 否 | T2: USNYC | U2: 在途 | V2: 46083 | W2: - | X2: - | Y2: 未清关 | AA2: 46080.443
A3: MRSU8517995 | B3: at_port | C3: 46084 | D3: 46082.333 | E3: 46085 | F3: =_xlfn.XLOOKUP(A3,Sheet1!I:I,Sheet1!H:H,0,,) -> 已卸船/火车 | H3: =VLOOKUP(I3,A:A,1,0) -> CAAU9221491 | I3: CAAU9221491 | K3: =VLOOKUP(L3,A:A,1,0) -> #N/A | L3: FFAU2763072 | M3: 46036 | N3: 25DSA6007 | O3: MEDUW7873575 | P3: 40HC | Q3: 在途 | R3: 否 | S3: 否 | T3: USNYC | U3: 在途 | V3: 46083 | W3: - | X3: - | Y3: 未清关 | AA3: 46080.443
A4: MRSU8794834 | B4: at_port | C4: 46084 | D4: 46082.333 | E4: 46085 | F4: =_xlfn.XLOOKUP(A4,Sheet1!I:I,Sheet1!H:H,0,,) -> 已到目的港 | H4: =VLOOKUP(I4,A:A,1,0) -> CAIU7235539 | I4: CAIU7235539 | K4: =VLOOKUP(L4,A:A,1,0) -> #N/A | L4: CAIU4821074 | M4: 46044 | N4: 25DSA5866 | O4: MEDUYM944136 | P4: 40HC | Q4: 在途 | R4: 否 | S4: 否 | T4: USNYC | U4: 在途 | V4: 46086 | W4: - | X4: - | Y4: 未清关 | AA4: 46080.443
A5: CAIU9970363 | B5: at_port | C5: 46083 | D5: 46087 | E5: 46086 | F5: =_xlfn.XLOOKUP(A5,Sheet1!I:I,Sheet1!H:H,0,,) -> 已卸船/火车 | H5: =VLOOKUP(I5,A:A,1,0) -> CAIU9970363 | I5: CAIU9970363 | K5: =VLOOKUP(L5,A:A,1,0) -> #N/A | L5: MSDU8471840 | M5: 46050 | N5: 25DSA5750 | O5: MEDUWK151340 | P5: 40HC | Q5: 在途 | R5: 否 | S5: 否 | T5: USNYC | U5: 在途 | V5: 46085 | W5: - | X5: - | Y5: 未清关 | AA5: 46080.443
A6: FSCU8507808 | B6: at_port | C6: 46083 | D6: 46082.25 | E6: 46086 | F6: =_xlfn.XLOOKUP(A6,Sheet1!I:I,Sheet1!H:H,0,,) -> 已卸船/火车 | H6: =VLOOKUP(I6,A:A,1,0) -> FSCU8507808 | I6: FSCU8507808 | K6: =VLOOKUP(L6,A:A,1,0) -> #N/A | L6: GCXU5052946 | M6: 46046 | N6: 25DSA06354 | O6: NBOZUX974700 | P6: 40HC | Q6: 在途 | R6: 否 | S6: 否 | T6: 萨凡纳 | U6: 在途 | V6: 46082.25 | W6: - | X6: - | Y6: 未清关 | AA6: 46080.443
A7: HMMU4016860 | B7: at_port | C7: 46083 | D7: 46087 | E7: 46086 | F7: =_xlfn.XLOOKUP(A7,Sheet1!I:I,Sheet1!H:H,0,,) -> 已卸船/火车 | H7: =VLOOKUP(I7,A:A,1,0) -> GCXU5599790 | I7: GCXU5599790 | K7: =VLOOKUP(L7,A:A,1,0) -> #N/A | L7: HMMU6111526 | M7: 46046 | N7: 25DSA06353 | O7: NBOZXUW26400 | P7: 40HC | Q7: 在途 | R7: 否 | S7: 否 | T7: 萨凡纳 | U7: 在途 | V7: 46082.25 | W7: - | X7: - | Y7: 未清关 | AA7: 46080.443
A8: HMMU4139490 | B8: at_port | C8: 46083 | D8: 46109 | E8: 46086 | F8: =_xlfn.XLOOKUP(A8,Sheet1!I:I,Sheet1!H:H,0,,) -> 已卸船/火车 | H8: =VLOOKUP(I8,A:A,1,0) -> HASU4405826 | I8: HASU4405826 | K8: =VLOOKUP(L8,A:A,1,0) -> #N/A | L8: UETU6078224 | M8: 46049 | N8: 25DSA6254 | O8: MEDUWT658814 | P8: 40HC | Q8: 在途 | R8: 否 | S8: 否 | T8: 萨凡纳 | U8: 在途 | V8: 46086 | W8: - | X8: - | Y8: 未清关 | AA8: 46080.443
A9: HMMU6350686 | B9: at_port | C9: 46083 | D9: 46085.896 | E9: 46090 | F9: =_xlfn.XLOOKUP(A9,Sheet1!I:I,Sheet1!H:H,0,,) -> 已卸船/火车 | H9: =VLOOKUP(I9,A:A,1,0) -> HMMU4016860 | I9: HMMU4016860 | K9: =VLOOKUP(L9,A:A,1,0) -> #N/A | L9: TEMU8187188 | M9: 46049 | N9: 25DSA6253 | O9: MEDUWT658822 | P9: 40HC | Q9: 在途 | R9: 否 | S9: 否 | T9: 萨凡纳 | U9: 在途 | V9: 46086 | W9: - | X9: - | Y9: 未清关 | AA9: 46080.443
A10: HMMU6552584 | B10: at_port | C10: 46083 | D10: 46085.896 | E10: 46090 | F10: =_xlfn.XLOOKUP(A10,Sheet1!I:I,Sheet1!H:H,0,,) -> 已卸船/火车 | H10: =VLOOKUP(I10,A:A,1,0) -> HMMU4139490 | I10: HMMU4139490 | K10: =VLOOKUP(L10,A:A,1,0) -> #N/A | L10: UETU6865976 | M10: 46049 | N10: 25DSA6252 | O10: MEDUWT658848 | P10: 40HC | Q10: 在途 | R10: 否 | S10: 否 | T10: 萨凡纳 | U10: 在途 | V10: 46086 | W10: - | X10: - | Y10: 未清关 | AA10: 46080.443
A11: HMMU6595800 | B11: at_port | C11: 46083 | D11: 46085.896 | E11: 46090 | F11: =_xlfn.XLOOKUP(A11,Sheet1!I:I,Sheet1!H:H,0,,) -> 已卸船/火车 | H11: =VLOOKUP(I11,A:A,1,0) -> HMMU4181756 | I11: HMMU4181756 | K11: =VLOOKUP(L11,A:A,1,0) -> #N/A | L11: MSMU4392884 | M11: 46049 | N11: 25DSA6251 | O11: MEDUWT658863 | P11: 40HC | Q11: 在途 | R11: 否 | S11: 否 | T11: 萨凡纳 | U11: 在途 | V11: 46086 | W11: - | X11: - | Y11: 未清关 | AA11: 46080.443
A12: HMMU6671860 | B12: at_port | C12: 46083 | D12: 46085.896 | E12: 46090 | F12: =_xlfn.XLOOKUP(A12,Sheet1!I:I,Sheet1!H:H,0,,) -> 已卸船/火车 | H12: =VLOOKUP(I12,A:A,1,0) -> HMMU4753337 | I12: HMMU4753337 | K12: =VLOOKUP(L12,A:A,1,0) -> #N/A | L12: MRKU2809678 | M12: 46047 | N12: 25DSA06449 | O12: 277629219 | P12: 40HC | Q12: 在途 | R12: 否 | S12: 否 | T12: 纽瓦克 | U12: 在途 | V12: 46085.521 | W12: - | X12: - | Y12: 未清关 | AA12: 46080.392
A13: HMMU6855472 | B13: at_port | C13: 46083 | D13: 46085.896 | E13: 46090 | F13: =_xlfn.XLOOKUP(A13,Sheet1!I:I,Sheet1!H:H,0,,) -> 已卸船/火车 | H13: =VLOOKUP(I13,A:A,1,0) -> HMMU6350686 | I13: HMMU6350686 | K13: =VLOOKUP(L13,A:A,1,0) -> #N/A | L13: GESU6765687 | M13: 46040 | N13: 25DSA06443 | O13: 277629215 | P13: 40HC | Q13: 在途 | R13: 否 | S13: 否 | T13: 纽瓦克 | U13: 在途 | V13: 46081.312 | W13: - | X13: - | Y13: 未清关 | AA13: 46080.392
A14: HMMU6874528 | B14: at_port | C14: 46083 | D14: 46085.896 | E14: 46090 | F14: =_xlfn.XLOOKUP(A14,Sheet1!I:I,Sheet1!H:H,0,,) -> 已卸船/火车 | H14: =VLOOKUP(I14,A:A,1,0) -> HMMU6552584 | I14: HMMU6552584 | K14: =VLOOKUP(L14,A:A,1,0) -> #N/A | L14: TCNU5084329 | M14: 46051 | N14: 25DSA06402 | O14: NBOZ80W86900 | P14: 40HC | Q14: 在途 | R14: 否 | S14: 否 | T14: USNYC | U14: 在途 | V14: 46079.896 | W14: - | X14: - | Y14: 未清关 | AA14: 46080.441
A15: HMMU6947630 | B15: at_port | C15: 46083 | D15: 46086 | E15: 46091 | F15: =_xlfn.XLOOKUP(A15,Sheet1!I:I,Sheet1!H:H,0,,) -> 已卸船/火车 | H15: =VLOOKUP(I15,A:A,1,0) -> HMMU6595800 | I15: HMMU6595800 | K15: =VLOOKUP(L15,A:A,1,0) -> #N/A | L15: TCKU6101299 | M15: 46051 | N15: 25DSA06397 | O15: NBOZRZ059400 | P15: 40HC | Q15: 在途 | R15: 否 | S15: 否 | T15: USNYC | U15: 在途 | V15: 46079.896 | W15: - | X15: - | Y15: 未清关 | AA15: 46080.441
A16: HMMU7164789 | B16: at_port | C16: 46083 | D16: 46086 | E16: 46091 | F16: =_xlfn.XLOOKUP(A16,Sheet1!I:I,Sheet1!H:H,0,,) -> 已卸船/火车 | H16: =VLOOKUP(I16,A:A,1,0) -> HMMU6671860 | I16: HMMU6671860 | K16: =VLOOKUP(L16,A:A,1,0) -> #N/A | L16: HMMU4753091 | M16: 46051 | N16: 25DSA06398 | O16: NBOZRLQ11200 | P16: 40HC | Q16: 在途 | R16: 否 | S16: 否 | T16: USNYC | U16: 在途 | V16: 46079.896 | W16: - | X16: - | Y16: 未清关 | AA16: 46080.441
A17: KOCU4690071 | B17: at_port | C17: 46083 | D17: 46086 | E17: 46091 | F17: =_xlfn.XLOOKUP(A17,Sheet1!I:I,Sheet1!H:H,0,,) -> 已卸船/火车 | H17: =VLOOKUP(I17,A:A,1,0) -> HMMU6855472 | I17: HMMU6855472 | K17: =VLOOKUP(L17,A:A,1,0) -> #N/A | L17: HMMU4753785 | M17: 46051 | N17: 25DSA06395 | O17: NBOZU6F41300 | P17: 40HC | Q17: 在途 | R17: 否 | S17: 否 | T17: USNYC | U17: 在途 | V17: 46079.896 | W17: - | X17: - | Y17: 未清关 | AA17: 46080.441
A18: KOCU4714466 | B18: at_port | C18: 46083 | D18: 46086 | E18: 46091 | F18: =_xlfn.XLOOKUP(A18,Sheet1!I:I,Sheet1!H:H,0,,) -> 已卸船/火车 | H18: =VLOOKUP(I18,A:A,1,0) -> HMMU6874528 | I18: HMMU6874528 | K18: =VLOOKUP(L18,A:A,1,0) -> #N/A | L18: HMMU4745368 | M18: 46051 | N18: 25DSA06396 | O18: NBOZS2229600 | P18: 40HC | Q18: 在途 | R18: 否 | S18: 否 | T18: USNYC | U18: 在途 | V18: 46079.896 | W18: - | X18: - | Y18: 未清关 | AA18: 46080.441
A19: KOCU5082923 | B19: at_port | C19: 46083 | D19: 46089 | E19: 46092 | F19: =_xlfn.XLOOKUP(A19,Sheet1!I:I,Sheet1!H:H,0,,) -> 已卸船/火车 | H19: =VLOOKUP(I19,A:A,1,0) -> HMMU6947630 | I19: HMMU6947630 | K19: =VLOOKUP(L19,A:A,1,0) -> #N/A | L19: HMMU4745835 | M19: 46051 | N19: 25DSA06394 | O19: NBOZUQH86200 | P19: 40HC | Q19: 在途 | R19: 否 | S19: 否 | T19: USNYC | U19: 在途 | V19: 46079.896 | W19: - | X19: - | Y19: 未清关 | AA19: 46080.441
A20: TEMU7307910 | B20: at_port | C20: 46083 | D20: 46088.333 | E20: 46092 | F20: =_xlfn.XLOOKUP(A20,Sheet1!I:I,Sheet1!H:H,0,,) -> 已卸船/火车 | H20: =VLOOKUP(I20,A:A,1,0) -> HMMU7135055 | I20: HMMU7135055 | K20: =VLOOKUP(L20,A:A,1,0) -> #N/A | L20: HMMU4745542 | M20: 46051 | N20: 25DSA06393 | O20: NBOZX8617100 | P20: 40HC | Q20: 在途 | R20: 否 | S20: 否 | T20: USNYC | U20: 在途 | V20: 46079.896 | W20: - | X20: - | Y20: 未清关 | AA20: 46080.441
A21: TLLU5814475 | B21: at_port | C21: 46083 | D21: 46093.333 | E21: 46094 | F21: =_xlfn.XLOOKUP(A21,Sheet1!I:I,Sheet1!H:H,0,,) -> 已卸船/火车 | H21: =VLOOKUP(I21,A:A,1,0) -> HMMU7164789 | I21: HMMU7164789 | K21: =VLOOKUP(L21,A:A,1,0) -> #N/A | L21: HMMU4751360 | M21: 46051 | N21: 25DSA06392 | O21: NBOZXRZ17000 | P21: 40HC | Q21: 在途 | R21: 否 | S21: 否 | T21: USNYC | U21: 在途 | V21: 46079.896 | W21: - | X21: - | Y21: 未清关 | AA21: 46080.441
A22: TXGU7910130 | B22: at_port | C22: 46083 | F22: =_xlfn.XLOOKUP(A22,Sheet1!I:I,Sheet1!H:H,0,,) -> 已卸船/火车 | H22: =VLOOKUP(I22,A:A,1,0) -> KOCU4690071 | I22: KOCU4690071 | K22: =VLOOKUP(L22,A:A,1,0) -> #N/A | L22: HMMU6985239 | M22: 46051 | N22: 25DSA06391 | O22: NBOZZEC04100 | P22: 40HC | Q22: 在途 | R22: 否 | S22: 否 | T22: USNYC | U22: 在途 | V22: 46079.896 | W22: - | X22: - | Y22: 未清关 | AA22: 46080.441
A23: TXGU8539620 | B23: at_port | C23: 46083 | F23: =_xlfn.XLOOKUP(A23,Sheet1!I:I,Sheet1!H:H,0,,) -> 已卸船/火车 | H23: =VLOOKUP(I23,A:A,1,0) -> KOCU4714466 | I23: KOCU4714466 | K23: =VLOOKUP(L23,A:A,1,0) -> #N/A | L23: MSMU7303216 | M23: 46042 | N23: 25DSA06390 | O23: MEDUKY811052 | P23: 40HC | Q23: 在途 | R23: 否 | S23: 否 | T23: USNYC | U23: 在途 | V23: 46083 | W23: - | X23: - | Y23: 未清关 | AA23: 46080.441
A24: GCXU5599790 | B24: at_port | C24: 46080 | F24: =_xlfn.XLOOKUP(A24,Sheet1!I:I,Sheet1!H:H,0,,) -> 已到目的港 | H24: =VLOOKUP(I24,A:A,1,0) -> KOCU5032943 | I24: KOCU5032943 | K24: =VLOOKUP(L24,A:A,1,0) -> #N/A | L24: MSCU5159429 | M24: 46042 | N24: 25DSA06389 | O24: MEDUKY811060 | P24: 40HC | Q24: 在途 | R24: 否 | S24: 否 | T24: USNYC | U24: 在途 | V24: 46083 | W24: - | X24: - | Y24: 未清关 | AA24: 46080.441
A25: HASU4405826 | B25: at_port | C25: 46080 | F25: =_xlfn.XLOOKUP(A25,Sheet1!I:I,Sheet1!H:H,0,,) -> 已到目的港 | H25: =VLOOKUP(I25,A:A,1,0) -> KOCU5073074 | I25: KOCU5073074 | K25: =VLOOKUP(L25,A:A,1,0) -> #N/A | L25: FFAU4147142 | M25: 46042 | N25: 25DSA06388 | O25: MEDUKY811086 | P25: 40HC | Q25: 在途 | R25: 否 | S25: 否 | T25: USNYC | U25: 在途 | V25: 46083 | W25: - | X25: - | Y25: 未清关 | AA25: 46080.441
A26: MSKU0627486 | B26: at_port | C26: 46080 | F26: =_xlfn.XLOOKUP(A26,Sheet1!I:I,Sheet1!H:H,0,,) -> 已到目的港 | H26: =VLOOKUP(I26,A:A,1,0) -> KOCU5082923 | I26: KOCU5082923 | K26: =VLOOKUP(L26,A:A,1,0) -> #N/A | L26: MEDU4945651 | M26: 46042 | N26: 25DSA06387 | O26: MEDUKY811094 | P26: 40HC | Q26: 在途 | R26: 否 | S26: 否 | T26: USNYC | U26: 在途 | V26: 46083 | W26: - | X26: - | Y26: 未清关 | AA26: 46080.441
A27: MRSU9475512 | B27: at_port | C27: 46079 | F27: =_xlfn.XLOOKUP(A27,Sheet1!I:I,Sheet1!H:H,0,,) -> 已到目的港 | H27: =VLOOKUP(I27,A:A,1,0) -> MRKU2750203 | I27: MRKU2750203 | K27: =VLOOKUP(L27,A:A,1,0) -> #N/A | L27: MSBU5540642 | M27: 46042 | N27: 25DSA06385 | O27: MEDUKY811177 | P27: 40HC | Q27: 在途 | R27: 否 | S27: 否 | T27: USNYC | U27: 在途 | V27: 46083 | W27: - | X27: - | Y27: 未清关 | AA27: 46080.443
A28: MSNU5178675 | B28: at_port | C28: 46079 | F28: =_xlfn.XLOOKUP(A28,Sheet1!I:I,Sheet1!H:H,0,,) -> 已卸船/火车 | H28: =VLOOKUP(I28,A:A,1,0) -> MRKU4378672 | I28: MRKU4378672 | K28: =VLOOKUP(L28,A:A,1,0) -> #N/A | L28: TCNU6363077 | M28: 46047 | N28: 25DSA06490 | O28: 277629319 | P28: 40HC | Q28: 在途 | R28: 否 | S28: 否 | T28: 纽瓦克 | U28: 在途 | V28: 46085.521 | W28: - | X28: - | Y28: 未清关 | AA28: 46080.392
A29: TGBU6878468 | B29: at_port | C29: 46079 | F29: =_xlfn.XLOOKUP(A29,Sheet1!I:I,Sheet1!H:H,0,,) -> 已到目的港 | H29: =VLOOKUP(I29,A:A,1,0) -> MRKU4501107 | I29: MRKU4501107 | K29: =VLOOKUP(L29,A:A,1,0) -> #N/A | L29: SEKU6886060 | M29: 46047 | N29: 25DSA06491 | O29: 277629318 | P29: 40HC | Q29: 在途 | R29: 否 | S29: 否 | T29: 纽瓦克 | U29: 在途 | V29: 46085.521 | W29: - | X29: - | Y29: 未清关 | AA29: 46080.392
A30: UETU7804928 | B30: at_port | C30: 46079 | F30: =_xlfn.XLOOKUP(A30,Sheet1!I:I,Sheet1!H:H,0,,) -> 已卸船/火车 | H30: =VLOOKUP(I30,A:A,1,0) -> MRKU5180737 | I30: MRKU5180737 | K30: =VLOOKUP(L30,A:A,1,0) -> #N/A | L30: TCNU1456942 | M30: 46040 | N30: 25DSA06447 | O30: 277629211 | P30: 40HC | Q30: 在途 | R30: 否 | S30: 否 | T30: 纽瓦克 | U30: 在途 | V30: 46081.312 | W30: - | X30: - | Y30: 未清关 | AA30: 46080.392
A31: MRKU2750203 | B31: at_port | C31: 46078 | F31: =_xlfn.XLOOKUP(A31,Sheet1!I:I,Sheet1!H:H,0,,) -> 已卸船/火车 | H31: =VLOOKUP(I31,A:A,1,0) -> MRKU5557646 | I31: MRKU5557646 | K31: =VLOOKUP(L31,A:A,1,0) -> #N/A | L31: SUDU5723824 | M31: 46040 | N31: 25DSA06446 | O31: 277629212 | P31: 40HC | Q31: 在途 | R31: 否 | S31: 否 | T31: 纽瓦克 | U31: 在途 | V31: 46081.312 | W31: - | X31: - | Y31: 未清关 | AA31: 46080.392
A32: MRKU5180737 | B32: at_port | C32: 46078 | F32: =_xlfn.XLOOKUP(A32,Sheet1!I:I,Sheet1!H:H,0,,) -> 已卸船/火车 | H32: =VLOOKUP(I32,A:A,1,0) -> MRSU3186214 | I32: MRSU3186214 | K32: =VLOOKUP(L32,A:A,1,0) -> #N/A | L32: MRSU7851230 | M32: 46041 | N32: 25DSA06444 | O32: 277629214 | P32: 40HC | Q32: 在途 | R32: 否 | S32: 否 | T32: 纽瓦克 | U32: 在途 | V32: 46081.312 | W32: - | X32: - | Y32: 未清关 | AA32: 46080.392
A33: CAIU7235539 | B33: at_port | C33: 46077 | F33: =_xlfn.XLOOKUP(A33,Sheet1!I:I,Sheet1!H:H,0,,) -> 已卸船/火车 | H33: =VLOOKUP(I33,A:A,1,0) -> MRSU4494227 | I33: MRSU4494227 | K33: =VLOOKUP(L33,A:A,1,0) -> #N/A | L33: MRSU3111787 | M33: 46047 | N33: 25DSA06451 | O33: 277629217 | P33: 40HC | Q33: 在途 | R33: 否 | S33: 否 | T33: 纽瓦克 | U33: 在途 | V33: 46085.521 | W33: - | X33: - | Y33: 未清关 | AA33: 46080.392
A34: HMMU4181756 | B34: at_port | C34: 46077 | F34: =_xlfn.XLOOKUP(A34,Sheet1!I:I,Sheet1!H:H,0,,) -> 已卸船/火车 | H34: =VLOOKUP(I34,A:A,1,0) -> MRSU8517995 | I34: MRSU8517995 | K34: =VLOOKUP(L34,A:A,1,0) -> #N/A | L34: MRKU5071551 | M34: 46047 | N34: 25DSA06452 | O34: 277629216 | P34: 40HC | Q34: 在途 | R34: 否 | S34: 否 | T34: 纽瓦克 | U34: 在途 | V34: 46085.521 | W34: - | X34: - | Y34: 未清关 | AA34: 46080.392
A35: HMMU4753337 | B35: at_port | C35: 46077 | F35: =_xlfn.XLOOKUP(A35,Sheet1!I:I,Sheet1!H:H,0,,) -> 已卸船/火车 | H35: =VLOOKUP(I35,A:A,1,0) -> MRSU8794834 | I35: MRSU8794834 | K35: =VLOOKUP(L35,A:A,1,0) -> #N/A | L35: MRSU3098622 | M35: 46047 | N35: 25DSA06448 | O35: 277629220 | P35: 40HC | Q35: 在途 | R35: 否 | S35: 否 | T35: 纽瓦克 | U35: 在途 | V35: 46085.521 | W35: - | X35: - | Y35: 未清关 | AA35: 46080.392
A36: HMMU7135055 | B36: at_port | C36: 46077 | F36: =_xlfn.XLOOKUP(A36,Sheet1!I:I,Sheet1!H:H,0,,) -> 已卸船/火车 | H36: =VLOOKUP(I36,A:A,1,0) -> MRSU9475512 | I36: MRSU9475512 | K36: =VLOOKUP(L36,A:A,1,0) -> #N/A | L36: MRSU5038915 | M36: 46047 | N36: 25DSA06450 | O36: 277629218 | P36: 40HC | Q36: 在途 | R36: 否 | S36: 否 | T36: 纽瓦克 | U36: 在途 | V36: 46085.521 | W36: - | X36: - | Y36: 未清关 | AA36: 46080.392
A37: KOCU5032943 | B37: at_port | C37: 46077 | F37: =_xlfn.XLOOKUP(A37,Sheet1!I:I,Sheet1!H:H,0,,) -> 已卸船/火车 | H37: =VLOOKUP(I37,A:A,1,0) -> MSKU0627486 | I37: MSKU0627486 | K37: =VLOOKUP(L37,A:A,1,0) -> #N/A | L37: FFAU6704057 | M37: 46040 | N37: 25DSA06445 | O37: 277629213 | P37: 40HC | Q37: 在途 | R37: 否 | S37: 否 | T37: 纽瓦克 | U37: 在途 | V37: 46081.312 | W37: - | X37: - | Y37: 未清关 | AA37: 46080.392
A38: KOCU5073074 | B38: at_port | C38: 46077 | F38: =_xlfn.XLOOKUP(A38,Sheet1!I:I,Sheet1!H:H,0,,) -> 已卸船/火车 | H38: =VLOOKUP(I38,A:A,1,0) -> MSKU1739536 | I38: MSKU1739536 | K38: =VLOOKUP(L38,A:A,1,0) -> #N/A | L38: MAGU5260319 | M38: 46042 | N38: 25DSA5490 | O38: 265105671 | P38: 40HC | Q38: 在途 | R38: 否 | S38: 否 | T38: 纽瓦克 | U38: 在途 | V38: 46083.292 | W38: - | X38: - | Y38: 未清关 | AA38: 46080.441
A39: MSKU1739536 | B39: at_port | C39: 46077 | F39: =_xlfn.XLOOKUP(A39,Sheet1!I:I,Sheet1!H:H,0,,) -> 已卸船/火车 | H39: =VLOOKUP(I39,A:A,1,0) -> MSKU9347315 | I39: MSKU9347315 | K39: =VLOOKUP(L39,A:A,1,0) -> #N/A | L39: TCKU6115857 | M39: 46046 | N39: 25DSA06360 | O39: NBOZCSW75100 | P39: 40HC | Q39: 在途 | R39: 否 | S39: 否 | T39: 萨凡纳 | U39: 在途 | V39: 46082.25 | W39: - | X39: - | Y39: 未清关 | AA39: 46080.443
A40: MSKU9347315 | B40: at_port | C40: 46077 | F40: =_xlfn.XLOOKUP(A40,Sheet1!I:I,Sheet1!H:H,0,,) -> 已卸船/火车 | H40: =VLOOKUP(I40,A:A,1,0) -> MSMU6370164 | I40: MSMU6370164 | K40: =VLOOKUP(L40,A:A,1,0) -> #N/A | L40: KOCU4631844 | M40: 46046 | N40: 25DSA06359 | O40: NBOZJGJ69900 | P40: 40HC | Q40: 在途 | R40: 否 | S40: 否 | T40: 萨凡纳 | U40: 在途 | V40: 46082.25 | W40: - | X40: - | Y40: 未清关 | AA40: 46080.443
A41: MSMU6370164 | B41: at_port | C41: 46077 | F41: =_xlfn.XLOOKUP(A41,Sheet1!I:I,Sheet1!H:H,0,,) -> 已卸船/火车 | H41: =VLOOKUP(I41,A:A,1,0) -> MSNU5178675 | I41: MSNU5178675 | K41: =VLOOKUP(L41,A:A,1,0) -> #N/A | L41: HMMU4748182 | M41: 46051 | N41: 25DSA06350 | O41: NBOZ10X25800 | P41: 40HC | Q41: 在途 | R41: 否 | S41: 否 | T41: 萨凡纳 | U41: 在途 | V41: 46086.667 | W41: - | X41: - | Y41: 未清关 | AA41: 46080.443
A42: BEAU5730626 | B42: at_port | C42: 46076 | F42: =_xlfn.XLOOKUP(A42,Sheet1!I:I,Sheet1!H:H,0,,) -> 已卸船/火车 | H42: =VLOOKUP(I42,A:A,1,0) -> TEMU7307910 | I42: TEMU7307910 | K42: =VLOOKUP(L42,A:A,1,0) -> #N/A | L42: HMMU4747479 | M42: 46051 | N42: 25DSA06349 | O42: NBOZ1QK04700 | P42: 40HC | Q42: 在途 | R42: 否 | S42: 否 | T42: 萨凡纳 | U42: 在途 | V42: 46086.667 | W42: - | X42: - | Y42: 未清关 | AA42: 46080.443
A43: MRKU4501107 | B43: at_port | C43: 46076 | F43: =_xlfn.XLOOKUP(A43,Sheet1!I:I,Sheet1!H:H,0,,) -> 已卸船/火车 | H43: =VLOOKUP(I43,A:A,1,0) -> TGBU6878468 | I43: TGBU6878468 | K43: =VLOOKUP(L43,A:A,1,0) -> #N/A | L43: HMMU4582759 | M43: 46051 | N43: 25DSA06348 | O43: NBOZ4NX43900 | P43: 40HC | Q43: 在途 | R43: 否 | S43: 否 | T43: 萨凡纳 | U43: 在途 | V43: 46086.667 | W43: - | X43: - | Y43: 未清关 | AA43: 46080.443
A44: MRSU3186214 | B44: at_port | C44: 46076 | F44: =_xlfn.XLOOKUP(A44,Sheet1!I:I,Sheet1!H:H,0,,) -> 已卸船/火车 | H44: =VLOOKUP(I44,A:A,1,0) -> TLLU5814475 | I44: TLLU5814475 | K44: =VLOOKUP(L44,A:A,1,0) -> #N/A | L44: HMMU4750132 | M44: 46051 | N44: 25DSA06347 | O44: NBOZ5NN75900 | P44: 40HC | Q44: 在途 | R44: 否 | S44: 否 | T44: 萨凡纳 | U44: 在途 | V44: 46086.667 | W44: - | X44: - | Y44: 未清关 | AA44: 46080.443
A45: MRSU4494227 | B45: at_port | C45: 46076 | F45: =_xlfn.XLOOKUP(A45,Sheet1!I:I,Sheet1!H:H,0,,) -> 已卸船/火车 | H45: =VLOOKUP(I45,A:A,1,0) -> TXGU7910130 | I45: TXGU7910130 | K45: =VLOOKUP(L45,A:A,1,0) -> #N/A | L45: HMMU6759020 | M45: 46051 | N45: 25DSA06346 | O45: NBOZ7WJ07600 | P45: 40HC | Q45: 在途 | R45: 否 | S45: 否 | T45: 萨凡纳 | U45: 在途 | V45: 46086.667 | W45: - | X45: - | Y45: 未清关 | AA45: 46080.443
A46: MRKU5557646 | B46: at_port | C46: 46072 | F46: =_xlfn.XLOOKUP(A46,Sheet1!I:I,Sheet1!H:H,0,,) -> 已卸船/火车 | H46: =VLOOKUP(I46,A:A,1,0) -> TXGU8539620 | I46: TXGU8539620
H47: =VLOOKUP(I47,A:A,1,0) -> UETU7804928 | I47: UETU7804928

Sheet Sheet1
A1: 是否查验 | B1: 销往国家 | C1: 备货单号 | E1: 主备货单号 | F1: 备货单状态 | G1: 清关状态 | H1: 物流状态 | I1: 集装箱号 | J1: 提单号 | K1: 船公司 | L1: 柜型 | M1: Wayfair SPO | N1: 是否装配件 | O1: 特殊货物体积 | P1: 起运港 | Q1: 目的港 | R1: 起运港货代公司 | S1: 入库仓库组 | T1: 预计到港日期 | U1: ETA修正 | V1: 出运日期 | W1: 计划清关日期 | X1: 实际清关日期 | Y1: 目的港清关公司 | Z1: 是否开箱 | AA1: 清关单据状态 | AB1: 全部生成日期 | AC1: 异常原因(清关信息表） | AD1: 途经港 | AE1: 途经港到达日期 | AF1: 目的港到达日期 | AG1: 目的港卸船/火车日期 | AH1: 目的港码头 | AI1: 最后免费日期 | AJ1: 是否预提 | AK1: 运输方式 | AL1: 目的港卡车 | AM1: 仓库(计划) | AN1: 仓库(实际) | AO1: 入库日期 | AP1: 最晚提柜日期 | AQ1: 计划提柜日期 | AR1: 提柜日期 | AS1: 最晚送仓日期 | AT1: 计划送仓日期 | AU1: 卸柜方式(计划) | AV1: 卸柜方式（实际） | AW1: 最晚卸柜日期 | AX1: 计划卸柜日期 | AY1: 卸空日期 | AZ1: 最晚还箱日期 | BA1: 计划还箱日期 | BB1: 还箱日期 | BC1: 备注(物流信息表） | BD1: 提柜通知 | BE1: 货柜承运商 | BF1: 卸柜门 | BG1: 卸柜公司 | BH1: 通知取空日期 | BI1: 取空时间 | BJ1: 备注(仓库信息表) | BK1: 价格条款 | BL1: 箱数合计 | BM1: 体积合计(m3) | BN1: 毛重合计(KG) | BO1: 出运总价 | BP1: 议付金额FOB | BQ1: 议付金额CIF | BR1: 议付金额 | BS1: 海运费币种 | BT1: 标准海运费金额 | BU1: 目的地 | BV1: 船名 | BW1: 航次 | BX1: ISF申报状态 | BY1: ISF申报日期 | BZ1: 免堆期(天) | CA1: 场内免箱期(天) | CB1: 场外免箱期(天) | CC1: 放单日期 | CD1: 传递日期 | CE1: 进港日期 | CF1: MBL SCAC | CG1: MBL Number | CH1: HBL SCAC | CI1: HBL Number | CJ1: AMS Number | CK1: 进火车堆场日期 | CL1: 进卡车堆场日期 | CM1: WMS入库状态 | CN1: EBS入库状态 | CO1: WMS Confirm Date | CP1: 母船出运日期 | CQ1: 母船船名 | CR1: 母船船次 | CS1: 含要求打托产品 | CT1: 采购贸易模式
A2: 否 | B2: AOSOM LLC | C2: 25DSA0524 | D2: 25DSA0524 | E2: 25DSA0524 | F2: 已出运 | G2: 未清关 | H2: 已提柜 | I2: MRKU4376920 | J2: 277629038 | K2: MAERSK | L2: 40HQ | N2: 否 | O2: 0 | P2: 宁波 | Q2: 纽瓦克 | R2: 简达物流集团股份有限公司 | S2: New Jersey Warehouse Group | T2: 2026-02-18 18:30:00 | U2: 2026-02-18 18:30:00 | V2: 2026-01-11 00:00:00 | Y2: Sen Mart International Inc. | Z2: 否 | AA2: 部分生成 | AF2: 2026-02-18 20:46:00 | AG2: 2026-02-19 08:34:00 | AH2: APM TERMINAL - BERTH 88 E425 | AI2: 2026-02-27 18:10:25 | AJ2: 否 | AK2: 卡车 | AL2: JK EXPRESS USA INC | AM2: AOSOM NJ-1 | AP2: 2026-02-27 23:59:59 | AQ2: 2026-02-23 12:00:00 | AR2: 2026-02-26 15:41:00 | AS2: 2026-02-23 12:00:00 | AT2: 2026-02-23 12:00:00 | AU2: Drop off | AW2: 2026-02-24 12:00:00 | AX2: 2026-02-23 00:00:00 | AZ2: 2026-03-09 23:59:59 | BA2: 2026-02-24 00:00:00 | BK2: FOB | BL2: 368 | BM2: 63.93 | BN2: 21640 | BO2: 34997.82 | BP2: 34997.82 | BQ2: 34997.82 | BR2: 0 | BS2: 美元 | BT2: 2639 | BV2: VIENNA EXPRESS | BW2: 602E | BX2: 已申报 | BY2: 2026-01-01 21:01:35 | CD2: 2026-01-11 20:16:20 | CG2: 277629038 | CH2: MAEU | CI2: MAEU277629038 | CJ2: MAEU277629038 | CP2: 2026-01-14 00:00:00 | CT2: B2B：需换单
A3: 否 | B3: AOSOM LLC | C3: 25DSA0525 | D3: 25DSA0525 | E3: 25DSA0525 | F3: 已出运 | G3: 未清关 | H3: 已提柜 | I3: SUDU6657440 | J3: 277629067 | K3: MAERSK | L3: 40HQ | N3: 否 | O3: 0 | P3: 宁波 | Q3: 纽瓦克 | R3: 简达物流集团股份有限公司 | S3: New Jersey Warehouse Group | T3: 2026-02-18 18:30:00 | U3: 2026-02-18 18:30:00 | V3: 2026-01-11 00:00:00 | Y3: Sen Mart International Inc. | Z3: 否 | AA3: 部分生成 | AF3: 2026-02-18 20:46:00 | AG3: 2026-02-19 14:20:00 | AH3: APM TERMINAL - BERTH 88 E425 | AI3: 2026-02-27 18:13:38 | AJ3: 否 | AK3: 卡车 | AL3: JK EXPRESS USA INC | AM3: AOSOM NJ-1 | AP3: 2026-02-27 23:59:59 | AQ3: 2026-02-23 12:00:00 | AR3: 2026-02-26 15:34:00 | AS3: 2026-02-23 12:00:00 | AT3: 2026-02-23 12:00:00 | AU3: Drop off | AW3: 2026-02-24 12:00:00 | AX3: 2026-02-23 00:00:00 | AZ3: 2026-03-09 23:59:59 | BA3: 2026-02-24 00:00:00 | BK3: FOB | BL3: 335 | BM3: 65.25 | BN3: 9001 | BO3: 17507.01 | BP3: 17507.01 | BQ3: 17507.01 | BR3: 0 | BS3: 美元 | BT3: 2639 | BV3: VIENNA EXPRESS | BW3: 602E | BX3: 已申报 | BY3: 2025-12-31 21:01:54 | CD3: 2026-01-11 20:15:42 | CG3: 277629067 | CH3: MAEU | CI3: MAEU277629067 | CJ3: MAEU277629067 | CP3: 2026-01-14 00:00:00 | CT3: B2B：需换单
A4: 否 | B4: AOSOM LLC | C4: 25DSA0526 | D4: 25DSA0526 | E4: 25DSA0526 | F4: 已出运 | G4: 未清关 | H4: 已提柜 | I4: TCKU7094070 | J4: 277629066 | K4: MAERSK | L4: 40HQ | N4: 否 | O4: 0 | P4: 宁波 | Q4: 纽瓦克 | R4: 简达物流集团股份有限公司 | S4: New Jersey Warehouse Group | T4: 2026-02-18 18:30:00 | U4: 2026-02-18 18:30:00 | V4: 2026-01-11 00:00:00 | Y4: SODARISE INC | Z4: 否 | AA4: 部分生成 | AF4: 2026-02-18 20:46:00 | AG4: 2026-02-19 08:11:00 | AH4: APM TERMINAL - BERTH 88 E425 | AI4: 2026-02-27 18:09:28 | AJ4: 否 | AK4: 卡车 | AL4: SHANGHAI FLYING FISH SUPPLY CHAIN TECHNOLOGY CO.,L | AM4: AOSOM NJ-1 | AP4: 2026-02-27 23:59:59 | AQ4: 2026-02-23 12:00:00 | AR4: 2026-02-26 10:38:00 | AS4: 2026-02-23 12:00:00 | AT4: 2026-02-23 12:00:00 | AU4: Drop off | AW4: 2026-02-24 12:00:00 | AX4: 2026-02-23 00:00:00 | AZ4: 2026-03-09 23:59:59 | BA4: 2026-02-24 00:00:00 | BK4: FOB | BL4: 339 | BM4: 68.25 | BN4: 9555.6 | BO4: 20854.32 | BP4: 20854.32 | BQ4: 20854.32 | BR4: 0 | BS4: 美元 | BT4: 2639 | BV4: VIENNA EXPRESS | BW4: 602E | BX4: 已申报 | BY4: 2025-12-31 21:01:54 | CD4: 2026-01-11 20:15:42 | CG4: 277629066 | CH4: MAEU | CI4: MAEU277629066 | CJ4: MAEU277629066 | CP4: 2026-01-14 00:00:00 | CT4: B2B：需换单
A5: 否 | B5: AOSOM LLC | C5: 25DSA0541 | D5: 25DSA0541 | E5: 25DSA0541 | F5: 已出运 | G5: 未清关 | H5: 已到中转港 | I5: CAAU9304575 | J5: 264862233 | K5: MAERSK | L5: 40HQ | N5: 否 | O5: 0 | P5: 天津新港 | Q5: 纽瓦克 | R5: 宁波天图翼联物流科技有限公司 | S5: New Jersey Warehouse Group | T5: 2026-03-07 08:00:00 | U5: 2026-03-07 08:00:00 | V5: 2026-01-15 00:00:00 | Y5: SODARISE INC | Z5: 否 | AA5: 全部传递 | AD5: 釜山 | AE5: 2026-01-18 13:44:00 | AJ5: 否 | AK5: 卡车 | AL5: JK EXPRESS USA INC | AM5: AOSOM NJ-1 | AP5: 2026-03-12 23:59:59 | AQ5: 2026-03-11 12:00:00 | AS5: 2026-03-11 12:00:00 | AT5: 2026-03-11 12:00:00 | AU5: Drop off | AW5: 2026-03-12 12:00:00 | AX5: 2026-03-13 00:00:00 | AZ5: 2026-03-20 23:59:59 | BA5: 2026-03-16 00:00:00 | BK5: FOB | BL5: 438 | BM5: 66.07 | BN5: 12640.1 | BO5: 24527.62 | BP5: 24527.62 | BQ5: 24527.62 | BR5: 0 | BS5: 美元 | BT5: 2639 | BV5: X-PRESS CARINA | BW5: 601W | BX5: 已申报 | BY5: 2026-01-06 21:01:39 | CD5: 2026-01-15 20:21:06 | CG5: 264862233 | CH5: MAEU | CI5: MAEU264862233 | CJ5: MAEU264862233 | CP5: 2026-01-29 00:00:00 | CT5: B2B：需换单
A6: 否 | B6: AOSOM LLC | C6: 25DSA0556 | D6: 25DSA0556 | E6: 25DSA0556 | F6: 已出运 | G6: 未清关 | H6: 已卸船/火车 | I6: MRSU3186214 | J6: 277629065 | K6: MAERSK | L6: 40HQ | N6: 否 | O6: 0 | P6: 宁波 | Q6: 纽瓦克 | R6: 简达物流集团股份有限公司 | S6: New Jersey Warehouse Group | T6: 2026-02-18 18:30:00 | U6: 2026-02-18 18:30:00 | V6: 2026-01-11 00:00:00 | Y6: Sen Mart International Inc. | Z6: 否 | AA6: 未生成 | AF6: 2026-02-18 20:46:00 | AG6: 2026-02-19 11:31:00 | AH6: APM TERMINAL - BERTH 88 E425 | AI6: 2026-02-27 18:09:49 | AJ6: 否 | AK6: 卡车 | AL6: SHANGHAI FLYING FISH SUPPLY CHAIN TECHNOLOGY CO.,L | AM6: AOSOM NJ-1 | AP6: 2026-02-27 23:59:59 | AQ6: 2026-02-23 12:00:00 | AS6: 2026-02-23 12:00:00 | AT6: 2026-02-23 12:00:00 | AU6: Drop off | AW6: 2026-02-24 12:00:00 | AX6: 2026-02-23 00:00:00 | AZ6: 2026-03-04 23:59:59 | BA6: 2026-02-24 00:00:00 | BK6: FOB | BL6: 399 | BM6: 66.6 | BN6: 12897 | BO6: 23148.35 | BP6: 23148.35 | BQ6: 23148.35 | BR6: 0 | BS6: 美元 | BT6: 2639 | BV6: VIENNA EXPRESS | BW6: 602E | BX6: 已申报 | BY6: 2025-12-31 21:01:54 | CD6: 2026-01-11 20:15:41 | CG6: 277629065 | CH6: MAEU | CI6: MAEU277629065 | CJ6: MAEU277629065 | CP6: 2026-01-14 00:00:00 | CT6: B2B：需换单
A7: 否 | B7: AOSOM LLC | C7: 25DSA0557 | D7: 25DSA0557 | E7: 25DSA0557 | F7: 已出运 | G7: 未清关 | H7: 已卸船/火车 | I7: MRKU4501107 | J7: 277629064 | K7: MAERSK | L7: 40HQ | N7: 否 | O7: 0 | P7: 宁波 | Q7: 纽瓦克 | R7: 简达物流集团股份有限公司 | S7: New Jersey Warehouse Group | T7: 2026-02-18 18:30:00 | U7: 2026-02-18 18:30:00 | V7: 2026-01-11 00:00:00 | Y7: Sen Mart International Inc. | Z7: 否 | AA7: 部分生成 | AF7: 2026-02-18 20:46:00 | AG7: 2026-02-18 23:10:00 | AH7: APM TERMINAL - BERTH 88 E425 | AI7: 2026-02-27 19:20:18 | AJ7: 否 | AK7: 卡车 | AL7: JK EXPRESS USA INC | AM7: AOSOM NJ-1 | AP7: 2026-02-27 23:59:59 | AQ7: 2026-02-23 12:00:00 | AS7: 2026-02-23 12:00:00 | AT7: 2026-02-23 12:00:00 | AU7: Drop off | AW7: 2026-02-24 12:00:00 | AX7: 2026-02-23 00:00:00 | AZ7: 2026-03-04 23:59:59 | BA7: 2026-02-24 00:00:00 | BK7: FOB | BL7: 1197 | BM7: 65.19 | BN7: 9998.7 | BO7: 23233.39 | BP7: 23233.39 | BQ7: 23233.39 | BR7: 0 | BS7: 美元 | BT7: 2639 | BV7: VIENNA EXPRESS | BW7: 602E | BX7: 已申报 | BY7: 2025-12-31 21:01:55 | CD7: 2026-01-11 20:15:43 | CG7: 277629064 | CH7: MAEU | CI7: MAEU277629064 | CJ7: MAEU277629064 | CP7: 2026-01-14 00:00:00 | CT7: B2B：需换单
A8: 否 | B8: AOSOM LLC | C8: 25DSA0799 | D8: 25DSA0799 | E8: 25DSA0799 | F8: 已出运 | G8: 未清关 | H8: 已卸船/火车 | I8: MRKU4378672 | J8: 263145683 | K8: MAERSK | L8: 40HQ | N8: 否 | O8: 0 | P8: 丹戎帕拉帕斯 | Q8: 萨凡纳 | R8: SOUTHEAST INTERNATIONAL LOGISTICS MALAYSIA SDN BHD | S8: Atlanta warehouse group | T8: 2026-02-26 04:30:00 | U8: 2026-02-26 04:30:00 | V8: 2026-01-04 00:00:00 | W8: 2026-02-24 23:59:59 | Y8: Sen Mart International Inc. | Z8: 否 | AA8: 全部生成 | AB8: 2026-02-23 19:48:29 | AD8: 上海 | AE8: 2026-01-11 01:09:00 | AF8: 2026-02-26 04:15:00 | AG8: 2026-02-26 14:09:00 | AH8: GARDEN CITY MARINE TERMINAL | AI8: 2026-03-05 23:59:59 | AJ8: 否 | AK8: 卡车 | AL8: Portguys Logistics Llc | AM8: AOSOM GA-1 | AP8: 2026-03-05 23:59:59 | AQ8: 2026-03-03 23:59:59 | AS8: 2026-03-03 23:59:59 | AT8: 2026-03-03 23:59:59 | AU8: Drop off | AW8: 2026-03-04 23:59:59 | AX8: 2026-03-05 23:59:59 | AZ8: 2026-03-12 23:59:59 | BA8: 2026-03-06 23:59:59 | BK8: FOB | BL8: 497 | BM8: 64.57 | BN8: 9159.4 | BO8: 23233.4 | BP8: 23233.4 | BQ8: 23233.4 | BR8: 0 | BS8: 美元 | BT8: 2639 | BV8: TRANCURA | BW8: 550N | BX8: 已申报 | BY8: 2026-02-23 21:01:46 | CG8: 263145683 | CH8: MAEU | CI8: MAEU263145683 | CJ8: MAEU263145683 | CP8: 2026-01-13 00:00:00 | CT8: 常规
A9: 否 | B9: AOSOM LLC | C9: 25DSA5378 | D9: 25DSA5378 | E9: 25DSA5378 | F9: 已出运 | G9: 未清关 | H9: 已卸船/火车 | I9: MSMU6370164 | J9: 181AY0263395881A1 | K9: MSC | L9: 40HQ | N9: 否 | O9: 0 | P9: 盐田 | Q9: 长滩 | R9: 宁波天图翼联物流科技有限公司 | S9: Los warehouse group | T9: 2026-02-22 16:00:00 | U9: 2026-02-22 16:00:00 | V9: 2026-01-24 00:00:00 | Y9: Sen Mart International Inc. | Z9: 否 | AA9: 全部生成 | AB9: 2026-02-13 20:12:07 | AF9: 2026-02-22 12:01:14 | AG9: 2026-02-23 00:00:00 | AH9: LONG BEACH PIER T TERMINAL | AI9: 2026-02-27 18:00:26 | AJ9: 否 | AK9: 卡车 | AL9: SHANGHAI FLYING FISH SUPPLY CHAIN TECHNOLOGY CO.,L | AM9: AOSOM CA-1 | AP9: 2026-02-27 23:59:59 | AQ9: 2026-02-24 00:00:00 | AS9: 2026-02-24 00:00:00 | AT9: 2026-02-24 00:00:00 | AU9: Drop off | AW9: 2026-02-24 00:00:00 | AX9: 2026-02-24 00:00:00 | AZ9: 2026-03-19 23:59:59 | BA9: 2026-02-25 00:00:00 | BK9: FOB | BL9: 1531 | BM9: 63.73 | BN9: 9906.5 | BO9: 63821.93 | BP9: 63821.93 | BQ9: 63821.93 | BR9: 0 | BS9: 美元 | BT9: 1764 | BV9: MSC TANZANIA | BW9: FV603N | BX9: 已申报 | BY9: 2026-01-20 21:02:02 | CD9: 2026-01-24 20:03:20 | CG9: MEDUYM944201 | CH9: MEDU | CI9: MEDUYM944201 | CJ9: MEDUYM944201 | CP9: 2026-02-04 00:00:00 | CT9: B2B：需换单
A10: 否 | B10: AOSOM LLC | C10: 25DSA5487 | D10: 25DSA5487 | E10: 25DSA5487 | F10: 已出运 | G10: 未清关 | H10: 已到目的港 | I10: TGBU6878468 | J10: 181AY0253379936A1 | K10: MSC | L10: 40HQ | N10: 否 | O10: 0 | P10: 盐田 | Q10: 萨凡纳 | R10: 宁波天图翼联物流科技有限公司 | S10: Atlanta warehouse group | T10: 2026-02-25 00:00:00 | U10: 2026-02-25 00:00:00 | V10: 2026-01-05 00:00:00 | W10: 2026-02-18 23:59:59 | Y10: Sen Mart International Inc. | Z10: 否 | AA10: 全部传递 | AF10: 2026-02-24 17:32:04 | AJ10: 否 | AK10: 卡车 | AL10: LFT TRANSPORTATION INC | AM10: AOSOM GA-1 | AP10: 2026-02-27 23:59:59 | AQ10: 2026-02-26 23:59:59 | AS10: 2026-02-26 23:59:59 | AT10: 2026-02-26 23:59:59 | AU10: Drop off | AW10: 2026-02-27 23:59:59 | AX10: 2026-02-27 23:59:59 | AZ10: 2026-03-11 23:59:59 | BA10: 2026-02-28 23:59:59 | BK10: FOB | BL10: 840 | BM10: 70.01 | BN10: 14184.8 | BO10: 24042.36 | BP10: 24042.36 | BQ10: 24042.36 | BR10: 0 | BS10: 美元 | BT10: 2906 | BV10: ZIM MOUNT VINSON | BW10: 8E | BX10: 未申报 | BY10: 2026-01-04 21:01:50 | CD10: 2026-01-06 20:26:31 | CG10: MEDUYM511174 | CH10: MEDU | CI10: MEDUYM511174 | CJ10: MEDUYM511174 | CP10: 2026-01-05 00:00:00 | CT10: B2B：需换单
A11: 否 | B11: AOSOM LLC | C11: 25DSA5490 | D11: 25DSA5490 | E11: 25DSA5490 | F11: 已出运 | G11: 未清关 | H11: 已出运 | I11: MAGU5260319 | J11: 265105671 | K11: MAERSK | L11: 40HQ | N11: 否 | O11: 0 | P11: 盐田 | Q11: 纽瓦克 | R11: 宁波天图翼联物流科技有限公司 | S11: New Jersey Warehouse Group | T11: 2026-03-02 07:00:00 | U11: 2026-03-02 07:00:00 | V11: 2026-01-20 00:00:00 | Y11: SODARISE INC | Z11: 否 | AA11: 全部传递 | AJ11: 否 | AK11: 卡车 | AL11: JK EXPRESS USA INC | AM11: AOSOM NJ-1 | AP11: 2026-03-05 23:59:59 | AQ11: 2026-03-05 12:00:00 | AS11: 2026-03-05 12:00:00 | AT11: 2026-03-05 12:00:00 | AU11: Drop off | AW11: 2026-03-06 12:00:00 | AX11: 2026-03-06 00:00:00 | AZ11: 2026-03-16 23:59:59 | BA11: 2026-03-09 00:00:00 | BK11: FOB | BL11: 908 | BM11: 65.12 | BN11: 6396.5 | BO11: 17373.37 | BP11: 17373.37 | BQ11: 17373.37 | BR11: 0 | BS11: 美元 | BT11: 2639 | BV11: ANTWERPEN EXPRESS | BW11: 604E | BX11: 已申报 | BY11: 2026-01-16 21:02:33 | CD11: 2026-01-20 19:58:27 | CG11: 265105671 | CH11: MAEU | CI11: MAEU265105671 | CJ11: MAEU265105671 | CP11: 2026-01-21 00:00:00 | CT11: B2B：需换单
A12: 否 | B12: AOSOM LLC | C12: 25DSA5510 | D12: 25DSA5510 | E12: 25DSA5510 | F12: 已出运 | G12: 已完成 | H12: 已还箱 | I12: MSMU6212240 | J12: 181AY0253385374A1 | K12: MSC | L12: 40HQ | N12: 否 | O12: 0 | P12: 盐田 | Q12: 纽约 | R12: 宁波天图翼联物流科技有限公司 | S12: New Jersey Warehouse Group | T12: 2026-02-12 00:00:00 | U12: 2026-02-12 00:00:00 | V12: 2026-01-03 00:00:00 | W12: 2026-01-30 23:59:59 | Y12: Sen Mart International Inc. | Z12: 否 | AA12: 部分生成 | AF12: 2026-02-12 16:49:10 | AG12: 2026-02-12 00:00:00 | AH12: PORT NEWARK CONTAINER TERMINAL | AI12: 2026-02-18 23:59:59 | AJ12: 否 | AK12: 卡车 | AL12: SHANGHAI FLYING FISH SUPPLY CHAIN TECHNOLOGY CO.,L | AM12: AOSOM NJ-1 | AN12: AOSOM NJ-1 | AO12: 2026-02-19 05:40:14 | AP12: 2026-02-18 23:59:59 | AQ12: 2026-02-15 21:10:35 | AR12: 2026-02-17 00:00:00 | AS12: 2026-02-15 21:10:35 | AT12: 2026-02-15 21:10:35 | AU12: Drop off | AW12: 2026-02-16 21:10:35 | AX12: 2026-02-17 00:00:00 | AZ12: 2026-03-12 23:59:59 | BA12: 2026-02-18 00:00:00 | BB12: 2026-02-19 00:00:00 | BK12: FOB | BL12: 767 | BM12: 66.5 | BN12: 7274.2 | BO12: 16854.46 | BP12: 16854.46 | BQ12: 16854.46 | BR12: 0 | BS12: 美元 | BT12: 3006.1 | BV12: PUSAN C | BW12: GU552W | BX12: 已申报 | BY12: 2025-12-27 21:01:58 | CD12: 2026-01-03 20:13:17 | CG12: MEDUYM653406 | CH12: MEDU | CI12: MEDUYM653406 | CJ12: MEDUYM653406 | CM12: WMS已完成 | CN12: 已入库 | CO12: 2026-02-18 11:33:41 | CP12: 2026-01-03 00:00:00 | CT12: B2B：需换单
A13: 否 | B13: AOSOM LLC | C13: 25DSA5511 | D13: 25DSA5511 | E13: 25DSA5511 | F13: 已出运 | G13: 未清关 | H13: 已到中转港 | I13: MSMU8485434 | J13: 181AY0253385444A1 | K13: MSC | L13: 40HQ | N13: 否 | O13: 0 | P13: 盐田 | Q13: 纽约 | R13: 宁波天图翼联物流科技有限公司 | S13: New Jersey Warehouse Group | T13: 2026-03-06 00:00:00 | U13: 2026-03-06 00:00:00 | V13: 2026-01-08 00:00:00 | W13: 2026-01-30 23:59:59 | Y13: Sen Mart International Inc. | Z13: 否 | AA13: 部分生成 | AD13: 釜山 | AE13: 2026-01-22 13:39:14 | AJ13: 否 | AK13: 卡车 | AL13: JK EXPRESS USA INC | AM13: AOSOM NJ-1 | AP13: 2026-03-11 23:59:59 | AQ13: 2026-03-05 12:00:00 | AS13: 2026-03-05 12:00:00 | AT13: 2026-03-05 12:00:00 | AU13: Drop off | AW13: 2026-03-06 12:00:00 | AX13: 2026-03-08 00:00:00 | AZ13: 2026-03-30 23:59:59 | BA13: 2026-03-09 00:00:00 | BK13: FOB | BL13: 697 | BM13: 66.8 | BN13: 7467.5 | BO13: 22115.34 | BP13: 22115.34 | BQ13: 22115.34 | BR13: 0 | BS13: 美元 | BT13: 2934.1 | BV13: MSC RACHELE | BW13: GU601W | BX13: 已申报 | BY13: 2026-01-04 21:01:51 | CD13: 2026-01-08 20:20:30 | CG13: MEDUYM654883 | CH13: MEDU | CI13: MEDUYM654883 | CJ13: MEDUYM654883 | CP13: 2026-01-11 00:00:00 | CT13: B2B：需换单
A14: 否 | B14: AOSOM LLC | C14: 25DSA5613 | D14: 25DSA5613 | E14: 25DSA5613 | F14: 已出运 | G14: 未清关 | H14: 已卸船/火车 | I14: BEAU5730626 | J14: 277629037 | K14: MAERSK | L14: 40HQ | N14: 否 | O14: 0 | P14: 宁波 | Q14: 纽瓦克 | R14: 简达物流集团股份有限公司 | S14: New Jersey Warehouse Group | T14: 2026-02-18 18:30:00 | U14: 2026-02-18 18:30:00 | V14: 2026-01-11 00:00:00 | Y14: Sen Mart International Inc. | Z14: 否 | AA14: 全部生成 | AB14: 2026-02-13 20:01:55 | AF14: 2026-02-18 20:46:00 | AG14: 2026-02-19 07:23:00 | AH14: APM TERMINAL - BERTH 88 E425 | AI14: 2026-02-27 18:05:58 | AJ14: 否 | AK14: 卡车 | AL14: JK EXPRESS USA INC | AM14: AOSOM NJ-1 | AP14: 2026-02-27 23:59:59 | AQ14: 2026-02-23 12:00:00 | AS14: 2026-02-23 12:00:00 | AT14: 2026-02-23 12:00:00 | AU14: Drop off | AW14: 2026-02-24 12:00:00 | AX14: 2026-02-25 00:00:00 | AZ14: 2026-03-04 23:59:59 | BA14: 2026-02-26 00:00:00 | BK14: FOB | BL14: 1475 | BM14: 67.43 | BN14: 14395 | BO14: 28360.3 | BP14: 28360.3 | BQ14: 28360.3 | BR14: 0 | BS14: 美元 | BT14: 2639 | BV14: VIENNA EXPRESS | BW14: 602E | BX14: 已申报 | BY14: 2026-01-01 21:01:35 | CD14: 2026-01-11 20:16:21 | CG14: 277629037 | CH14: MAEU | CI14: MAEU277629037 | CJ14: MAEU277629037 | CP14: 2026-01-14 00:00:00 | CT14: B2B：需换单
A15: 否 | B15: AOSOM LLC | C15: 25DSA5614 | D15: 25DSA5614 | E15: 25DSA5614 | F15: 已出运 | G15: 未清关 | H15: 已卸船/火车 | I15: MRSU4494227 | J15: 277629063 | K15: MAERSK | L15: 40HQ | N15: 否 | O15: 0 | P15: 宁波 | Q15: 纽瓦克 | R15: 简达物流集团股份有限公司 | S15: New Jersey Warehouse Group | T15: 2026-02-18 18:30:00 | U15: 2026-02-18 18:30:00 | V15: 2026-01-11 00:00:00 | Y15: Sen Mart International Inc. | Z15: 否 | AA15: 全部生成 | AB15: 2026-02-13 20:01:09 | AF15: 2026-02-18 20:46:00 | AG15: 2026-02-19 20:00:00 | AH15: APM TERMINAL - BERTH 88 E425 | AI15: 2026-02-27 18:09:02 | AJ15: 否 | AK15: 卡车 | AL15: JK EXPRESS USA INC | AM15: AOSOM NJ-1 | AP15: 2026-02-27 23:59:59 | AQ15: 2026-02-23 12:00:00 | AS15: 2026-02-23 12:00:00 | AT15: 2026-02-23 12:00:00 | AU15: Drop off | AW15: 2026-02-24 12:00:00 | AX15: 2026-02-25 00:00:00 | AZ15: 2026-03-04 23:59:59 | BA15: 2026-02-26 00:00:00 | BK15: FOB | BL15: 1089 | BM15: 65.53 | BN15: 13299 | BO15: 28587.02 | BP15: 28587.02 | BQ15: 28587.02 | BR15: 0 | BS15: 美元 | BT15: 2639 | BV15: VIENNA EXPRESS | BW15: 602E | BX15: 已申报 | BY15: 2025-12-31 21:01:55 | CD15: 2026-01-11 20:15:43 | CG15: 277629063 | CH15: MAEU | CI15: MAEU277629063 | CJ15: MAEU277629063 | CP15: 2026-01-14 00:00:00 | CT15: B2B：需换单
A16: 否 | B16: AOSOM LLC | C16: 25DSA5616 | D16: 25DSA5616 | E16: 25DSA5616 | F16: 已出运 | G16: 未清关 | H16: 已提柜 | I16: MRSU4349492 | J16: 277629062 | K16: MAERSK | L16: 40HQ | N16: 否 | O16: 0 | P16: 宁波 | Q16: 纽瓦克 | R16: 简达物流集团股份有限公司 | S16: New Jersey Warehouse Group | T16: 2026-02-18 18:30:00 | U16: 2026-02-18 18:30:00 | V16: 2026-01-11 00:00:00 | Y16: Sen Mart International Inc. | Z16: 否 | AA16: 全部生成 | AB16: 2026-02-13 20:01:10 | AF16: 2026-02-18 20:46:00 | AG16: 2026-02-19 08:19:00 | AH16: APM TERMINAL - BERTH 88 E425 | AI16: 2026-02-27 18:08:45 | AJ16: 否 | AK16: 卡车 | AL16: JK EXPRESS USA INC | AM16: AOSOM NJ-1 | AP16: 2026-02-27 23:59:59 | AQ16: 2026-02-23 12:00:00 | AR16: 2026-02-26 11:12:00 | AS16: 2026-02-23 12:00:00 | AT16: 2026-02-23 12:00:00 | AU16: Drop off | AW16: 2026-02-24 12:00:00 | AX16: 2026-02-25 00:00:00 | AZ16: 2026-03-09 23:59:59 | BA16: 2026-02-26 00:00:00 | BK16: FOB | BL16: 731 | BM16: 65.17 | BN16: 15909.5 | BO16: 23647.17 | BP16: 23647.17 | BQ16: 23647.17 | BR16: 0 | BS16: 美元 | BT16: 2639 | BV16: VIENNA EXPRESS | BW16: 602E | BX16: 已申报 | BY16: 2025-12-31 21:01:55 | CD16: 2026-01-11 20:15:44 | CG16: 277629062 | CH16: MAEU | CI16: MAEU277629062 | CJ16: MAEU277629062 | CP16: 2026-01-14 00:00:00 | CT16: B2B：需换单
A17: 否 | B17: AOSOM LLC | C17: 25DSA5662 | D17: 25DSA5662 | E17: 25DSA5662 | F17: 已出运 | G17: 已完成 | H17: 已还箱 | I17: MSKU9367522 | J17: 277629008 | K17: MAERSK | L17: 40HQ | N17: 否 | O17: 0 | P17: 宁波 | Q17: 萨凡纳 | R17: 简达物流集团股份有限公司 | S17: Atlanta warehouse group | T17: 2026-02-06 20:00:00 | U17: 2026-02-06 20:00:00 | V17: 2026-01-02 00:00:00 | W17: 2026-02-03 23:59:59 | Y17: Sen Mart International Inc. | Z17: 否 | AA17: 全部生成 | AB17: 2026-02-13 19:57:38 | AF17: 2026-02-05 11:10:00 | AG17: 2026-02-06 14:18:00 | AH17: GARDEN CITY MARINE TERMINAL | AI17: 2026-02-13 23:59:59 | AJ17: 否 | AK17: 卡车 | AL17: LFT TRANSPORTATION INC | AM17: AOSOM GA-1 | AN17: AOSOM GA-1 | AO17: 2026-02-15 15:39:17 | AP17: 2026-02-13 23:59:59 | AQ17: 2026-02-10 16:39:35 | AR17: 2026-02-10 16:39:35 | AS17: 2026-02-10 16:39:35 | AT17: 2026-02-10 16:39:35 | AU17: Drop off | AW17: 2026-02-11 16:39:35 | AX17: 2026-02-12 05:37:00 | AZ17: 2026-02-19 23:59:59 | BA17: 2026-02-13 05:37:00 | BB17: 2026-02-13 08:52:00 | BH17: 2026-02-15 16:00:16 | BK17: FOB | BL17: 410 | BM17: 66.8 | BN17: 13721 | BO17: 25242.8 | BP17: 25242.8 | BQ17: 25242.8 | BR17: 0 | BS17: 美元 | BT17: 2529 | BV17: MAERSK SINGAPORE | BW17: 552E | BX17: 已申报 | BY17: 2025-12-23 09:22:45 | CD17: 2026-01-03 02:14:45 | CG17: 277629008 | CH17: MAEU | CI17: MAEU277629008 | CJ17: MAEU277629008 | CM17: WMS已完成 | CN17: 已入库 | CO17: 2026-02-15 13:10:33 | CP17: 2026-01-03 00:00:00 | CT17: B2B：需换单
A18: 否 | B18: AOSOM LLC | C18: 25DSA5663 | D18: 25DSA5663 | E18: 25DSA5663 | F18: 已出运 | G18: 已完成 | H18: 已还箱 | I18: MRKU4027873 | J18: 277629005 | K18: MAERSK | L18: 40HQ | N18: 否 | O18: 0 | P18: 宁波 | Q18: 萨凡纳 | R18: 简达物流集团股份有限公司 | S18: Atlanta warehouse group | T18: 2026-02-06 20:00:00 | U18: 2026-02-06 20:00:00 | V18: 2026-01-02 00:00:00 | W18: 2026-02-03 23:59:59 | Y18: Sen Mart International Inc. | Z18: 否 | AA18: 全部生成 | AB18: 2026-02-13 19:57:39 | AF18: 2026-02-05 11:10:00 | AG18: 2026-02-05 22:22:00 | AH18: GARDEN CITY MARINE TERMINAL | AI18: 2026-02-12 23:59:59 | AJ18: 否 | AK18: 卡车 | AL18: LFT TRANSPORTATION INC | AM18: AOSOM GA-1 | AN18: AOSOM GA-1 | AO18: 2026-02-12 07:39:18 | AP18: 2026-02-12 23:59:59 | AQ18: 2026-02-07 12:42:00 | AR18: 2026-02-07 12:42:00 | AS18: 2026-02-07 12:42:00 | AT18: 2026-02-07 12:42:00 | AU18: Drop off | AW18: 2026-02-08 12:42:00 | AX18: 2026-02-11 05:37:00 | AZ18: 2026-02-18 23:59:59 | BA18: 2026-02-12 05:37:00 | BB18: 2026-02-12 07:24:00 | BK18: FOB | BL18: 734 | BM18: 66.45 | BN18: 6710 | BO18: 16123.98 | BP18: 16123.98 | BQ18: 16123.98 | BR18: 0 | BS18: 美元 | BT18: 2529 | BV18: MAERSK SINGAPORE | BW18: 552E | BX18: 已申报 | BY18: 2025-12-23 09:22:45 | CD18: 2026-01-03 02:14:46 | CG18: 277629005 | CH18: MAEU | CI18: MAEU277629005 | CJ18: MAEU277629005 | CM18: WMS已完成 | CN18: 已入库 | CO18: 2026-02-12 04:18:14 | CP18: 2026-01-03 00:00:00 | CT18: B2B：需换单
A19: 否 | B19: AOSOM LLC | C19: 25DSA5664 | D19: 25DSA5664 | E19: 25DSA5664 | F19: 已出运 | G19: 已完成 | H19: 已还箱 | I19: MSKU9486012 | J19: 277629004 | K19: MAERSK | L19: 40HQ | N19: 否 | O19: 0 | P19: 宁波 | Q19: 萨凡纳 | R19: 简达物流集团股份有限公司 | S19: Atlanta warehouse group | T19: 2026-02-06 20:00:00 | U19: 2026-02-06 20:00:00 | V19: 2026-01-02 00:00:00 | W19: 2026-02-03 23:59:59 | Y19: Sen Mart International Inc. | Z19: 否 | AA19: 全部生成 | AB19: 2026-02-13 19:56:29 | AF19: 2026-02-05 11:10:00 | AG19: 2026-02-06 01:37:00 | AH19: GARDEN CITY MARINE TERMINAL | AI19: 2026-02-13 23:59:59 | AJ19: 否 | AK19: 卡车 | AL19: LFT TRANSPORTATION INC | AM19: AOSOM GA-1 | AN19: AOSOM GA-1 | AO19: 2026-02-11 12:39:04 | AP19: 2026-02-13 23:59:59 | AQ19: 2026-02-07 11:00:00 | AR19: 2026-02-07 11:00:00 | AS19: 2026-02-07 11:00:00 | AT19: 2026-02-07 11:00:00 | AU19: Drop off | AW19: 2026-02-08 11:00:00 | AX19: 2026-02-11 05:37:00 | AZ19: 2026-02-18 23:59:59 | BA19: 2026-02-12 05:37:00 | BB19: 2026-02-12 05:42:00 | BH19: 2026-02-11 12:00:15 | BK19: FOB | BL19: 314 | BM19: 69.86 | BN19: 14341.5 | BO19: 28140.12 | BP19: 28140.12 | BQ19: 28140.12 | BR19: 0 | BS19: 美元 | BT19: 2529 | BV19: MAERSK SINGAPORE | BW19: 552E | BX19: 已申报 | BY19: 2025-12-22 21:01:58 | CD19: 2026-01-03 02:13:55 | CG19: 277629004 | CH19: MAEU | CI19: MAEU277629004 | CJ19: MAEU277629004 | CM19: WMS已完成 | CN19: 已入库 | CO19: 2026-02-11 10:27:29 | CP19: 2026-01-03 00:00:00 | CT19: B2B：需换单
A20: 否 | B20: AOSOM LLC | C20: 25DSA5674 | D20: 25DSA5674 | E20: 25DSA5674 | F20: 已出运 | G20: 已完成 | H20: 已还箱 | I20: CAIU8752480 | J20: 177QZJZJS109687 | K20: MSC | L20: 40HQ | N20: 否 | O20: 0 | P20: 上海 | Q20: 长滩 | R20: 宁波外运国际货运代理有限公司 | S20: Los warehouse group | T20: 2026-02-03 16:00:00 | U20: 2026-02-03 16:00:00 | V20: 2026-01-08 00:00:00 | W20: 2026-01-28 23:59:59 | Y20: Sen Mart International Inc. | Z20: 否 | AA20: 全部生成 | AB20: 2026-02-13 20:04:37 | AF20: 2026-02-03 14:52:02 | AG20: 2026-02-06 00:00:00 | AH20: TOTAL TERMINALS INTERNATIONAL (PIER T) | AI20: 2026-02-13 23:59:59 | AJ20: 否 | AK20: 卡车 | AL20: SHANGHAI FLYING FISH SUPPLY CHAIN TECHNOLOGY CO.,L | AM20: AOSOM CA-1 | AN20: AOSOM CA-1 | AO20: 2026-02-13 14:38:57 | AP20: 2026-02-13 23:59:59 | AQ20: 2026-02-09 00:00:00 | AR20: 2026-02-11 00:00:00 | AS20: 2026-02-09 00:00:00 | AT20: 2026-02-09 00:00:00 | AU20: Drop off | AW20: 2026-02-09 00:00:00 | AX20: 2026-02-09 00:00:00 | AZ20: 2026-03-06 23:59:59 | BA20: 2026-02-10 00:00:00 | BB20: 2026-02-12 00:00:00 | BK20: CIF | BL20: 710 | BM20: 66.44 | BN20: 11951 | BO20: 19976.7 | BP20: 19976.7 | BQ20: 21723.31 | BR20: 1746.63 | BS20: 美元 | BT20: 1744 | BV20: MSC GAIA | BW20: GO601N | BX20: 已申报 | BY20: 2026-01-05 21:01:55 | CD20: 2026-01-09 20:22:48 | CG20: MEDUW7698550 | CH20: MEDU | CI20: MEDUW7698550 | CJ20: MEDUW7698550 | CM20: WMS已完成 | CN20: 已入库 | CO20: 2026-02-13 09:02:03 | CP20: 2026-01-13 00:00:00 | CT20: B2B：需换单
A21: 否 | B21: AOSOM LLC | C21: 25DSA5677 | D21: 25DSA5677 | E21: 25DSA5677 | F21: 已出运 | G21: 未清关 | H21: 已卸船/火车 | I21: MRKU5180737 | J21: 264862165 | K21: MAERSK | L21: 40HQ | N21: 否 | O21: 0 | P21: 青岛 | Q21: 纽瓦克 | R21: 宁波天图翼联物流科技有限公司 | S21: New Jersey Warehouse Group | T21: 2026-02-21 06:00:00 | U21: 2026-02-21 06:00:00 | V21: 2026-01-04 00:00:00 | W21: 2026-02-04 23:59:59 | Y21: Sen Mart International Inc. | Z21: 否 | AA21: 部分生成 | AD21: 釜山 | AE21: 2026-01-06 22:38:00 | AF21: 2026-02-21 07:08:00 | AG21: 2026-02-21 08:58:00 | AH21: APM TERMINAL - BERTH 88 E425 | AI21: 2026-02-27 16:55:48 | AJ21: 否 | AK21: 卡车 | AL21: SHANGHAI FLYING FISH SUPPLY CHAIN TECHNOLOGY CO.,L | AM21: AOSOM NJ-1 | AP21: 2026-02-27 23:59:59 | AQ21: 2026-02-25 12:00:00 | AS21: 2026-02-25 12:00:00 | AT21: 2026-02-25 12:00:00 | AU21: Drop off | AW21: 2026-02-26 12:00:00 | AX21: 2026-02-27 00:00:00 | AZ21: 2026-03-06 23:59:59 | BA21: 2026-03-02 00:00:00 | BK21: FOB | BL21: 938 | BM21: 63.96 | BN21: 9037 | BO21: 19329.54 | BP21: 19329.54 | BQ21: 19329.54 | BR21: 0 | BS21: 美元 | BT21: 2639 | BV21: GUNDE MAERSK | BW21: 601E | BX21: 已申报 | BY21: 2025-12-31 21:01:55 | CD21: 2026-01-04 20:22:24 | CG21: 264862165 | CH21: MAEU | CI21: MAEU264862165 | CJ21: MAEU264862165 | CP21: 2026-01-12 00:00:00 | CT21: B2B：需换单
A22: 否 | B22: AOSOM LLC | C22: 25DSA5686 | D22: 25DSA5686 | E22: 25DSA5686 | F22: 已出运 | G22: 未清关 | H22: 已到中转港 | I22: MRSU3733332 | J22: 263704967 | K22: MAERSK | L22: 40HQ | N22: 否 | O22: 0 | P22: 厦门港 | Q22: 纽瓦克 | R22: 宁波天图翼联物流科技有限公司 | S22: New Jersey Warehouse Group | T22: 2026-03-28 08:00:00 | U22: 2026-03-28 08:00:00 | V22: 2026-01-24 00:00:00 | Y22: Sen Mart International Inc. | Z22: 否 | AA22: 全部传递 | AD22: 釜山 | AE22: 2026-01-27 12:29:00 | AJ22: 否 | AK22: 卡车 | AP22: 2026-04-02 23:59:59 | AZ22: 2026-04-08 23:59:59 | BK22: FOB | BL22: 464 | BM22: 69.28 | BN22: 10888 | BO22: 26238.9 | BP22: 26238.9 | BQ22: 26238.9 | BR22: 0 | BS22: 美元 | BT22: 2639 | BV22: SYNERGY KEELUNG | BW22: 603N | BX22: 已申报 | BY22: 2026-01-20 21:02:02 | CD22: 2026-01-24 20:03:21 | CG22: 263704967 | CH22: MAEU | CI22: MAEU263704967 | CJ22: MAEU263704967 | CP22: 2026-02-02 00:00:00 | CT22: B2B：需换单
A23: 否 | B23: AOSOM LLC | C23: 25DSA5687 | D23: 25DSA5687 | E23: 25DSA5687 | F23: 已出运 | G23: 未清关 | H23: 已卸船/火车 | I23: MRKU2750203 | J23: 262777253 | K23: MAERSK | L23: 40HQ | N23: 否 | O23: 0 | P23: 厦门港 | Q23: 纽瓦克 | R23: 宁波天图翼联物流科技有限公司 | S23: New Jersey Warehouse Group | T23: 2026-02-21 06:00:00 | U23: 2026-02-21 06:00:00 | V23: 2026-01-03 00:00:00 | W23: 2026-02-04 23:59:59 | Y23: Sen Mart International Inc. | Z23: 否 | AA23: 全部生成 | AB23: 2026-02-13 19:59:09 | AD23: 釜山 | AE23: 2026-01-06 15:22:00 | AF23: 2026-02-21 07:08:00 | AG23: 2026-02-21 10:48:00 | AH23: APM TERMINAL - BERTH 88 E425 | AI23: 2026-02-27 16:51:55 | AJ23: 否 | AK23: 卡车 | AL23: SHANGHAI FLYING FISH SUPPLY CHAIN TECHNOLOGY CO.,L | AM23: AOSOM NJ-1 | AP23: 2026-02-27 23:59:59 | AQ23: 2026-02-25 12:00:00 | AS23: 2026-02-25 12:00:00 | AT23: 2026-02-25 12:00:00 | AU23: Drop off | AW23: 2026-02-26 12:00:00 | AX23: 2026-02-27 00:00:00 | AZ23: 2026-03-06 23:59:59 | BA23: 2026-03-02 00:00:00 | BK23: FOB | BL23: 423 | BM23: 66.27 | BN23: 9439.7 | BO23: 24199.91 | BP23: 24199.91 | BQ23: 24199.91 | BR23: 0 | BS23: 美元 | BT23: 2529 | BV23: SYNERGY BUSAN | BW23: 552N | BX23: 已申报 | BY23: 2025-12-25 21:01:39 | CD23: 2026-01-03 20:12:55 | CG23: 262777253 | CH23: MAEU | CI23: MAEU262777253 | CJ23: MAEU262777253 | CP23: 2026-01-03 00:00:00 | CT23: B2B：需换单
A24: 否 | B24: AOSOM LLC | C24: 25DSA5694 | D24: 25DSA5694 | E24: 25DSA5694 | F24: 已出运 | G24: 未清关 | H24: 已到中转港 | I24: MSBU5432170 | J24: 1811F026PE20135E1 | K24: MSC | L24: 40HQ | N24: 否 | O24: 0 | P24: 福州 | Q24: 纽约 | R24: 宁波天图翼联物流科技有限公司 | S24: New Jersey Warehouse Group | T24: 2026-03-06 00:00:00 | U24: 2026-03-06 00:00:00 | V24: 2026-01-01 00:00:00 | W24: 2026-02-04 23:59:59 | Y24: SODARISE INC | Z24: 否 | AA24: 全部生成 | AB24: 2026-02-13 20:00:31 | AD24: 釜山 | AE24: 2026-01-23 07:00:00 | AJ24: 否 | AK24: 卡车 | AL24: JK EXPRESS USA INC | AM24: AOSOM NJ-1 | AP24: 2026-03-11 23:59:59 | AQ24: 2026-03-05 12:00:00 | AS24: 2026-03-05 12:00:00 | AT24: 2026-03-05 12:00:00 | AU24: Drop off | AW24: 2026-03-06 12:00:00 | AX24: 2026-03-08 00:00:00 | AZ24: 2026-03-30 23:59:59 | BA24: 2026-03-09 00:00:00 | BK24: FOB | BL24: 730 | BM24: 69.65 | BN24: 12566 | BO24: 25687.1 | BP24: 25687.1 | BQ24: 25687.1 | BR24: 0 | BS24: 美元 | BT24: 3006.1 | BV24: MSC MAKALU III | BW24: HD601A | BX24: 已申报 | BY24: 2025-12-29 21:01:36 | CD24: 2026-01-03 02:22:33 | CG24: MEDUF3542794 | CH24: MEDU | CI24: MEDUF3542794 | CJ24: MEDUF3542794 | CP24: 2026-01-02 00:00:00 | CT24: B2B：需换单
A25: 否 | B25: AOSOM LLC | C25: 25DSA5695 | D25: 25DSA5695 | E25: 25DSA5695 | F25: 已出运 | G25: 未清关 | H25: 已到中转港 | I25: TRHU8205011 | J25: 1811F026PE20238E1 | K25: MSC | L25: 40HQ | N25: 否 | O25: 0 | P25: 福州 | Q25: 纽约 | R25: 宁波天图翼联物流科技有限公司 | S25: New Jersey Warehouse Group | T25: 2026-03-08 00:00:00 | U25: 2026-03-08 00:00:00 | V25: 2026-01-08 00:00:00 | Y25: Sen Mart International Inc. | Z25: 否 | AA25: 全部传递 | AD25: 釜山 | AE25: 2026-01-31 08:28:08 | AJ25: 否 | AK25: 卡车 | AL25: JK EXPRESS USA INC | AM25: AOSOM NJ-1 | AP25: 2026-03-12 23:59:59 | AQ25: 2026-03-11 12:00:00 | AS25: 2026-03-11 12:00:00 | AT25: 2026-03-11 12:00:00 | AU25: Drop off | AW25: 2026-03-12 12:00:00 | AX25: 2026-03-13 00:00:00 | AZ25: 2026-04-03 23:59:59 | BA25: 2026-03-16 00:00:00 | BK25: FOB | BL25: 691 | BM25: 65.67 | BN25: 18731 | BO25: 25683.73 | BP25: 25683.73 | BQ25: 25683.73 | BR25: 0 | BS25: 美元 | BT25: 2934.1 | BV25: MSC MANU | BW25: HD602A | BX25: 已申报 | BY25: 2026-01-05 21:01:56 | CD25: 2026-01-09 20:22:49 | CG25: MEDUF3544246 | CH25: MEDU | CI25: MEDUF3544246 | CJ25: MEDUF3544246 | CP25: 2026-02-09 00:00:00 | CT25: B2B：需换单
A26: 否 | B26: AOSOM LLC | C26: 25DSA5696 | D26: 25DSA5696 | E26: 25DSA5696 | F26: 已出运 | G26: 未清关 | H26: 已到中转港 | I26: MSDU7885255 | J26: 1811F026PE20140E1 | K26: MSC | L26: 40HQ | N26: 否 | O26: 0 | P26: 福州 | Q26: 纽约 | R26: 宁波天图翼联物流科技有限公司 | S26: New Jersey Warehouse Group | T26: 2026-03-15 00:00:00 | U26: 2026-03-15 00:00:00 | V26: 2026-01-20 00:00:00 | Y26: SODARISE INC | Z26: 否 | AA26: 全部传递 | AD26: 釜山 | AE26: 2026-02-07 08:01:51 | AJ26: 否 | AK26: 卡车 | AL26: JK EXPRESS USA INC | AM26: AOSOM NJ-1 | AP26: 2026-03-19 23:59:59 | AQ26: 2026-03-18 12:00:00 | AS26: 2026-03-18 12:00:00 | AT26: 2026-03-18 12:00:00 | AU26: Drop off | AW26: 2026-03-19 12:00:00 | AX26: 2026-03-18 00:00:00 | AZ26: 2026-04-10 23:59:59 | BA26: 2026-03-19 00:00:00 | BK26: FOB | BL26: 795 | BM26: 69.3 | BN26: 18845.55 | BO26: 25829.4 | BP26: 25829.4 | BQ26: 25829.4 | BR26: 0 | BS26: 美元 | BT26: 2934.1 | BV26: XIN BIN ZHOU | BW26: HD603A | BX26: 已申报 | BY26: 2026-01-12 21:02:03 | CD26: 2026-01-20 19:52:24 | CG26: MEDUF3542885 | CH26: MEDU | CI26: MEDUF3542885 | CJ26: MEDUF3542885 | CP26: 2026-01-15 00:00:00 | CS26: Y | CT26: B2B：需换单
A27: 否 | B27: AOSOM LLC | C27: 25DSA5697 | D27: 25DSA5697 | E27: 25DSA5697 | F27: 已出运 | G27: 未清关 | H27: 已到中转港 | I27: MSMU4283923 | J27: 1811F026PE21064E1 | K27: MSC | L27: 40HQ | N27: 否 | O27: 0 | P27: 福州 | Q27: 纽约 | R27: 宁波天图翼联物流科技有限公司 | S27: New Jersey Warehouse Group | T27: 2026-03-15 00:00:00 | U27: 2026-03-15 00:00:00 | V27: 2026-01-25 00:00:00 | Y27: Sen Mart International Inc. | Z27: 否 | AA27: 全部传递 | AD27: 釜山 | AE27: 2026-02-12 16:55:30 | AJ27: 否 | AK27: 卡车 | AL27: JK EXPRESS USA INC | AM27: AOSOM NJ-1 | AP27: 2026-03-19 23:59:59 | AQ27: 2026-03-18 12:00:00 | AS27: 2026-03-18 12:00:00 | AT27: 2026-03-18 12:00:00 | AU27: Drop off | AW27: 2026-03-19 12:00:00 | AX27: 2026-03-18 00:00:00 | AZ27: 2026-04-10 23:59:59 | BA27: 2026-03-19 00:00:00 | BK27: FOB | BL27: 610 | BM27: 79.11 | BN27: 16203.8 | BO27: 19546.1 | BP27: 19546.1 | BQ27: 19546.1 | BR27: 0 | BS27: 美元 | BT27: 2934.1 | BV27: MSC TIGER III | BW27: HD604A | BX27: 已申报 | BY27: 2026-01-19 21:02:11 | CD27: 2026-01-25 19:59:41 | CG27: MEDUF3557842 | CH27: MEDU | CI27: MEDUF3557842 | CJ27: MEDUF3557842 | CP27: 2026-02-15 00:00:00 | CT27: B2B：需换单
A28: 否 | B28: AOSOM LLC | C28: 25DSA5707 | D28: 25DSA5707 | E28: 25DSA5707 | F28: 已出运 | G28: 已完成 | H28: 已还箱 | I28: HASU4895030 | J28: 277629003 | K28: MAERSK | L28: 40HQ | N28: 否 | O28: 0 | P28: 宁波 | Q28: 萨凡纳 | R28: 简达物流集团股份有限公司 | S28: Atlanta warehouse group | T28: 2026-02-06 20:00:00 | U28: 2026-02-06 20:00:00 | V28: 2026-01-02 00:00:00 | W28: 2026-02-03 23:59:59 | Y28: Sen Mart International Inc. | Z28: 否 | AA28: 全部生成 | AB28: 2026-02-13 19:56:31 | AF28: 2026-02-05 11:10:00 | AG28: 2026-02-06 11:04:00 | AH28: GARDEN CITY MARINE TERMINAL | AI28: 2026-02-13 23:59:59 | AJ28: 否 | AK28: 卡车 | AL28: LFT TRANSPORTATION INC | AM28: AOSOM GA-1 | AN28: AOSOM GA-1 | AO28: 2026-02-16 06:39:21 | AP28: 2026-02-13 23:59:59 | AQ28: 2026-02-12 23:59:59 | AR28: 2026-02-11 17:53:57 | AS28: 2026-02-12 23:59:59 | AT28: 2026-02-12 23:59:59 | AU28: Drop off | AW28: 2026-02-13 23:59:59 | AX28: 2026-02-13 16:44:56 | AZ28: 2026-02-20 23:59:59 | BA28: 2026-02-14 16:44:56 | BB28: 2026-02-16 07:56:00 | BK28: FOB | BL28: 753 | BM28: 65.31 | BN28: 7160.4 | BO28: 12391.72 | BP28: 12391.72 | BQ28: 12391.72 | BR28: 0 | BS28: 美元 | BT28: 2529 | BV28: MAERSK SINGAPORE | BW28: 552E | BX28: 已申报 | BY28: 2025-12-22 21:01:59 | CD28: 2026-01-03 02:13:55 | CG28: 277629003 | CH28: MAEU | CI28: MAEU277629003 | CJ28: MAEU277629003 | CM28: WMS已完成 | CN28: 已入库 | CO28: 2026-02-16 04:26:21 | CP28: 2026-01-03 00:00:00 | CT28: B2B：需换单
A29: 否 | B29: AOSOM LLC | C29: 25DSA5750 | D29: 25DSA5750 | E29: 25DSA5750 | F29: 已出运 | G29: 未清关 | H29: 已出运 | I29: MSDU8471840 | J29: 177PZJZJS110062 | K29: MSC | L29: 40HQ | N29: 否 | O29: 0 | P29: 上海 | Q29: 纽约 | R29: 宁波外运国际货运代理有限公司 | S29: New Jersey Warehouse Group | T29: 2026-03-04 00:00:00 | U29: 2026-03-04 00:00:00 | V29: 2026-01-28 00:00:00 | Y29: Sen Mart International Inc. | Z29: 否 | AA29: 全部传递 | AJ29: 否 | AK29: 卡车 | AL29: JK EXPRESS USA INC | AM29: AOSOM NJ-1 | AP29: 2026-03-09 23:59:59 | AQ29: 2026-03-05 12:00:00 | AS29: 2026-03-05 12:00:00 | AT29: 2026-03-05 12:00:00 | AU29: Drop off | AW29: 2026-03-06 12:00:00 | AX29: 2026-03-08 00:00:00 | AZ29: 2026-03-30 23:59:59 | BA29: 2026-03-09 00:00:00 | BK29: CIF | BL29: 484 | BM29: 70.25 | BN29: 9299 | BO29: 21064.5 | BP29: 21064.5 | BQ29: 23953.4 | BR29: 2888.9 | BS29: 美元 | BT29: 2886 | BV29: MSC SUAPE VII | BW29: GE603E | BX29: 已申报 | BY29: 2026-01-20 21:02:03 | CD29: 2026-01-28 19:59:12 | CG29: MEDUWK151340 | CH29: MEDU | CI29: MEDUWK151340 | CJ29: MEDUWK151340 | CP29: 2026-01-27 00:00:00 | CT29: B2B：需换单
A30: 否 | B30: AOSOM LLC | C30: 25DSA5841 | D30: 25DSA5841 | E30: 25DSA5841 | F30: 已出运 | G30: 已完成 | H30: 已还箱 | I30: BEAU5745293 | J30: 264862107 | K30: MAERSK | L30: 40HQ | N30: 否 | O30: 0 | P30: 青岛 | Q30: 洛杉矶 | R30: 宁波天图翼联物流科技有限公司 | S30: Los warehouse group | T30: 2026-02-04 08:00:00 | U30: 2026-02-04 08:00:00 | V30: 2026-01-11 00:00:00 | W30: 2026-02-01 23:59:59 | Y30: Sen Mart International Inc. | Z30: 否 | AA30: 全部生成 | AB30: 2026-02-13 20:01:11 | AF30: 2026-02-04 07:06:00 | AG30: 2026-02-04 18:38:00 | AH30: APM TERMINALS LOS ANGELES PIER 400 | AI30: 2026-02-09 23:59:59 | AJ30: 否 | AK30: 卡车 | AL30: SHANGHAI FLYING FISH SUPPLY CHAIN TECHNOLOGY CO.,L | AM30: AOSOM CA-1 | AN30: AOSOM CA-1 | AO30: 2026-02-10 11:39:15 | AP30: 2026-02-09 23:59:59 | AQ30: 2026-02-05 00:00:00 | AR30: 2026-02-06 22:45:00 | AS30: 2026-02-05 00:00:00 | AT30: 2026-02-05 00:00:00 | AU30: Drop off | AW30: 2026-02-05 00:00:00 | AX30: 2026-02-05 00:00:00 | AZ30: 2026-02-17 23:59:59 | BA30: 2026-02-06 00:00:00 | BB30: 2026-02-11 13:41:00 | BK30: FOB | BL30: 1531 | BM30: 67.64 | BN30: 19144 | BO30: 34747.31 | BP30: 34747.31 | BQ30: 34747.31 | BR30: 0 | BS30: 美元 | BT30: 1639 | BV30: MAERSK ALTAIR | BW30: 602E | BX30: 已申报 | BY30: 2025-12-31 21:01:56 | CD30: 2026-01-11 20:15:44 | CG30: 264862107 | CH30: MAEU | CI30: MAEU264862107 | CJ30: MAEU264862107 | CM30: WMS已完成 | CN30: 已入库 | CO30: 2026-02-10 09:43:05 | CP30: 2026-01-13 00:00:00 | CT30: B2B：需换单
A31: 否 | B31: AOSOM LLC | C31: 25DSA5854 | D31: 25DSA5854 | E31: 25DSA5854 | F31: 已出运 | G31: 已完成 | H31: 已提柜 | I31: CAIU7764152 | J31: 177PZJZJS109689 | K31: MSC | L31: 40HQ | N31: 是 | O31: 0 | P31: 上海 | Q31: 萨凡纳 | R31: 宁波外运国际货运代理有限公司 | S31: Atlanta warehouse group | T31: 2026-02-16 00:00:00 | U31: 2026-02-16 00:00:00 | V31: 2026-01-08 00:00:00 | W31: 2026-02-11 23:59:59 | Y31: Sen Mart International Inc. | Z31: 否 | AA31: 部分生成 | AD31: 湖州,浙江 | AF31: 2026-02-15 08:14:10 | AG31: 2026-02-16 00:00:00 | AH31: GARDEN CITY MARINE TERMINAL | AI31: 2026-02-23 23:59:59 | AJ31: 否 | AK31: 卡车 | AL31: LFT TRANSPORTATION INC | AM31: AOSOM GA-1 | AP31: 2026-02-23 23:59:59 | AQ31: 2026-02-19 23:59:59 | AR31: 2026-02-20 00:00:00 | AS31: 2026-02-19 23:59:59 | AT31: 2026-02-19 23:59:59 | AU31: Drop off | AW31: 2026-02-20 23:59:59 | AX31: 2026-02-24 23:59:59 | AZ31: 2026-03-17 23:59:59 | BA31: 2026-02-25 23:59:59 | BK31: CIF | BL31: 740 | BM31: 65.5 | BN31: 9385 | BO31: 32497.2 | BP31: 32497.2 | BQ31: 35387.48 | BR31: 2890.28 | BS31: 美元 | BT31: 2886 | BV31: ZIM MOUNT EVEREST | BW31: 12E | BX31: 已申报 | BY31: 2026-01-04 21:01:51 | CD31: 2026-01-08 20:20:31 | CG31: MEDUW7699335 | CH31: MEDU | CI31: MEDUW7699335 | CJ31: MEDUW7699335 | CP31: 2026-01-07 00:00:00 | CT31: B2B：需换单
A32: 否 | B32: AOSOM LLC | C32: 25DSA5866 | D32: 25DSA5866 | E32: 25DSA5866 | F32: 已出运 | G32: 未清关 | H32: 已出运 | I32: CAIU4821074 | J32: 181AY0263395876A1 | K32: MSC | L32: 40HQ | N32: 否 | O32: 0 | P32: 盐田 | Q32: 纽约 | R32: 宁波天图翼联物流科技有限公司 | S32: New Jersey Warehouse Group | T32: 2026-03-05 00:00:00 | U32: 2026-03-05 00:00:00 | V32: 2026-01-22 00:00:00 | Y32: Sen Mart International Inc. | Z32: 否 | AA32: 全部传递 | AJ32: 否 | AK32: 卡车 | AL32: JK EXPRESS USA INC | AM32: AOSOM NJ-1 | AP32: 2026-03-10 23:59:59 | AQ32: 2026-03-10 12:00:00 | AS32: 2026-03-10 12:00:00 | AT32: 2026-03-10 12:00:00 | AU32: Drop off | AW32: 2026-03-11 12:00:00 | AX32: 2026-03-12 00:00:00 | AZ32: 2026-04-02 23:59:59 | BA32: 2026-03-13 00:00:00 | BK32: FOB | BL32: 660 | BM32: 67.11 | BN32: 7323.3 | BO32: 20139.54 | BP32: 20139.54 | BQ32: 20139.54 | BR32: 0 | BS32: 美元 | BT32: 2934.1 | BV32: C HAMBURG | BW32: GU603W | BX32: 已申报 | BY32: 2026-01-16 21:02:34 | CD32: 2026-01-22 19:57:05 | CG32: MEDUYM944136 | CH32: MEDU | CI32: MEDUYM944136 | CJ32: MEDUYM944136 | CP32: 2026-01-25 00:00:00 | CT32: B2B：需换单
A33: 否 | B33: AOSOM LLC | C33: 25DSA5933 | D33: 25DSA5933 | E33: 25DSA5933 | F33: 已出运 | G33: 已完成 | H33: 已还箱 | I33: SUDU8528225 | J33: 277629002 | K33: MAERSK | L33: 40HQ | N33: 是 | O33: 0 | P33: 宁波 | Q33: 洛杉矶 | R33: 简达物流集团股份有限公司 | S33: Los warehouse group | T33: 2026-01-21 10:00:00 | U33: 2026-01-21 10:00:00 | V33: 2026-01-05 00:00:00 | W33: 2026-01-18 23:59:59 | Y33: Sen Mart International Inc. | Z33: 否 | AA33: 全部生成 | AB33: 2026-02-13 11:30:20 | AF33: 2026-01-20 15:07:00 | AG33: 2026-01-22 01:38:00 | AH33: APM TERMINALS LOS ANGELES PIER 400 | AI33: 2026-01-26 23:59:59 | AJ33: 否 | AK33: 卡车 | AL33: SHANGHAI FLYING FISH SUPPLY CHAIN TECHNOLOGY CO.,L | AM33: AOSOM CA-1 | AN33: AOSOM CA-1 | AO33: 2026-01-30 12:39:37 | AP33: 2026-01-26 23:59:59 | AQ33: 2026-01-26 00:00:00 | AR33: 2026-01-26 20:26:00 | AS33: 2026-01-26 00:00:00 | AT33: 2026-01-26 00:00:00 | AU33: Drop off | AW33: 2026-01-26 00:00:00 | AX33: 2026-01-26 00:00:00 | AZ33: 2026-02-04 23:59:59 | BA33: 2026-01-27 00:00:00 | BB33: 2026-01-30 19:25:00 | BK33: FOB | BL33: 620 | BM33: 68.76 | BN33: 18435 | BO33: 65508 | BP33: 65508 | BQ33: 65508 | BR33: 0 | BS33: 美元 | BT33: 1500 | BV33: HUDSON EXPRESS | BW33: 601E | BX33: 已申报 | BY33: 2025-12-27 21:02:03 | CD33: 2026-01-05 20:16:23 | CG33: 277629002 | CH33: MAEU | CI33: MAEU277629002 | CJ33: MAEU277629002 | CM33: WMS已完成 | CN33: 已入库 | CO33: 2026-01-30 10:33:14 | CP33: 2026-01-06 00:00:00 | CT33: B2B：需换单
A34: 否 | B34: AOSOM LLC | C34: 25DSA5934 | D34: 25DSA5934 | E34: 25DSA5934 | F34: 已出运 | G34: 已完成 | H34: 已还箱 | I34: MRSU6937638 | J34: 277629001 | K34: MAERSK | L34: 40HQ | N34: 否 | O34: 0 | P34: 宁波 | Q34: 洛杉矶 | R34: 简达物流集团股份有限公司 | S34: Los warehouse group | T34: 2026-01-21 10:00:00 | U34: 2026-01-21 10:00:00 | V34: 2026-01-05 00:00:00 | W34: 2026-01-18 23:59:59 | Y34: Sen Mart International Inc. | Z34: 否 | AA34: 全部生成 | AB34: 2026-02-13 19:59:30 | AF34: 2026-01-20 15:07:00 | AG34: 2026-01-22 21:32:00 | AH34: APM TERMINALS LOS ANGELES PIER 400 | AI34: 2026-01-27 23:59:59 | AJ34: 否 | AK34: 卡车 | AL34: SHANGHAI FLYING FISH SUPPLY CHAIN TECHNOLOGY CO.,L | AM34: AOSOM CA-1 | AN34: AOSOM CA-1 | AO34: 2026-01-28 21:39:33 | AP34: 2026-01-27 23:59:59 | AQ34: 2026-01-26 00:00:00 | AR34: 2026-01-26 09:28:00 | AS34: 2026-01-26 00:00:00 | AT34: 2026-01-26 00:00:00 | AU34: Drop off | AW34: 2026-01-26 00:00:00 | AX34: 2026-01-26 00:00:00 | AZ34: 2026-02-04 23:59:59 | BA34: 2026-01-27 00:00:00 | BB34: 2026-01-27 13:44:00 | BK34: FOB | BL34: 819 | BM34: 66.48 | BN34: 7806.3 | BO34: 24496.78 | BP34: 24496.78 | BQ34: 24496.78 | BR34: 0 | BS34: 美元 | BT34: 1500 | BV34: HUDSON EXPRESS | BW34: 601E | BX34: 已申报 | BY34: 2025-12-27 21:02:04 | CD34: 2026-01-05 20:16:24 | CG34: 277629001 | CH34: MAEU | CI34: MAEU277629001 | CJ34: MAEU277629001 | CM34: WMS已完成 | CN34: 已入库 | CO34: 2026-01-27 13:05:44 | CP34: 2026-01-06 00:00:00 | CT34: B2B：需换单
A35: 否 | B35: AOSOM LLC | C35: 25DSA5935 | D35: 25DSA5935 | E35: 25DSA5935 | F35: 已出运 | G35: 已完成 | H35: 已还箱 | I35: TGBU9374692 | J35: 277629000 | K35: MAERSK | L35: 40HQ | N35: 否 | O35: 0 | P35: 宁波 | Q35: 洛杉矶 | R35: 简达物流集团股份有限公司 | S35: Los warehouse group | T35: 2026-01-21 10:00:00 | U35: 2026-01-21 10:00:00 | V35: 2026-01-05 00:00:00 | W35: 2026-01-18 23:59:59 | Y35: Sen Mart International Inc. | Z35: 否 | AA35: 部分生成 | AF35: 2026-01-20 15:07:00 | AG35: 2026-01-21 15:29:00 | AH35: APM TERMINALS LOS ANGELES PIER 400 | AI35: 2026-01-26 23:59:59 | AJ35: 否 | AK35: 卡车 | AL35: SHANGHAI FLYING FISH SUPPLY CHAIN TECHNOLOGY CO.,L | AM35: AOSOM CA-1 | AN35: AOSOM CA-1 | AO35: 2026-01-28 21:39:31 | AP35: 2026-01-26 23:59:59 | AQ35: 2026-01-26 00:00:00 | AR35: 2026-01-25 13:30:00 | AS35: 2026-01-26 00:00:00 | AT35: 2026-01-26 00:00:00 | AU35: Drop off | AW35: 2026-01-26 00:00:00 | AX35: 2026-01-26 00:00:00 | AZ35: 2026-02-04 23:59:59 | BA35: 2026-01-27 00:00:00 | BB35: 2026-01-28 07:33:00 | BK35: FOB | BL35: 1535 | BM35: 64.66 | BN35: 14462 | BO35: 32651.93 | BP35: 32651.93 | BQ35: 32651.93 | BR35: 0 | BS35: 美元 | BT35: 1500 | BV35: HUDSON EXPRESS | BW35: 601E | BX35: 已申报 | BY35: 2025-12-27 21:02:04 | CD35: 2026-01-05 20:16:24 | CG35: 277629000 | CH35: MAEU | CI35: MAEU277629000 | CJ35: MAEU277629000 | CM35: WMS已完成 | CN35: 已入库 | CO35: 2026-01-28 11:40:45 | CP35: 2026-01-06 00:00:00 | CT35: B2B：需换单
A36: 否 | B36: AOSOM LLC | C36: 25DSA5946 | D36: 25DSA5946 | E36: 25DSA5946 | F36: 已出运 | G36: 已完成 | H36: 已还箱 | I36: SEKU6690530 | J36: 177QZJZJS109572 | K36: MSC | L36: 40HQ | N36: 否 | O36: 0 | P36: 上海 | Q36: 长滩 | R36: 宁波外运国际货运代理有限公司 | S36: Los warehouse group | T36: 2026-01-25 00:00:00 | U36: 2026-01-25 00:00:00 | V36: 2026-01-08 00:00:00 | W36: 2026-01-20 23:59:59 | Y36: Sen Mart International Inc. | Z36: 否 | AA36: 全部生成 | AB36: 2026-02-13 19:59:32 | AF36: 2026-01-25 03:11:00 | AG36: 2026-01-26 00:00:00 | AH36: TOTAL TERMINALS INTERNATIONAL (PIER T) | AI36: 2026-01-29 23:59:59 | AJ36: 否 | AK36: 卡车 | AL36: SHANGHAI FLYING FISH SUPPLY CHAIN TECHNOLOGY CO.,L | AM36: AOSOM CA-1 | AN36: AOSOM CA-1 | AO36: 2026-02-06 08:09:27 | AP36: 2026-01-29 23:59:59 | AQ36: 2026-01-26 00:00:00 | AR36: 2026-01-29 00:00:00 | AS36: 2026-01-26 00:00:00 | AT36: 2026-01-26 00:00:00 | AU36: Drop off | AW36: 2026-01-26 00:00:00 | AX36: 2026-01-26 00:00:00 | AZ36: 2026-02-23 23:59:59 | BA36: 2026-01-27 00:00:00 | BB36: 2026-02-06 00:00:00 | BK36: CIF | BL36: 712 | BM36: 69.17 | BN36: 10046.4 | BO36: 26480.18 | BP36: 26480.18 | BQ36: 28277.6 | BR36: 1797.42 | BS36: 美元 | BT36: 1744 | BV36: MSC LUCIANA | BW36: GO552N | BX36: 已申报 | BY36: 2025-12-27 21:02:04 | CD36: 2026-01-08 20:13:32 | CG36: MEDUW7519301 | CH36: MEDU | CI36: MEDUW7519301 | CJ36: MEDUW7519301 | CM36: WMS已完成 | CN36: 已入库 | CO36: 2026-02-05 13:33:47 | CP36: 2026-01-08 00:00:00 | CT36: B2B：需换单
A37: 否 | B37: AOSOM LLC | C37: 25DSA5947 | D37: 25DSA5947 | E37: 25DSA5947 | F37: 已出运 | G37: 未清关 | H37: 已还箱 | I37: CAJU5303664 | J37: 262759884 | K37: MAERSK | L37: 40HQ | N37: 否 | O37: 0 | P37: 厦门港 | Q37: 洛杉矶 | R37: 宁波天图翼联物流科技有限公司 | S37: Los warehouse group | T37: 2026-02-11 08:00:00 | U37: 2026-02-11 08:00:00 | V37: 2026-01-03 00:00:00 | W37: 2026-02-08 23:59:59 | Y37: Sen Mart International Inc. | Z37: 否 | AA37: 全部生成 | AB37: 2026-02-13 19:59:10 | AD37: 釜山 | AE37: 2026-01-06 15:54:00 | AF37: 2026-02-11 04:53:00 | AG37: 2026-02-11 18:10:00 | AH37: APM TERMINALS LOS ANGELES PIER 400 | AI37: 2026-02-16 23:59:59 | AJ37: 否 | AK37: 卡车 | AL37: SHANGHAI FLYING FISH SUPPLY CHAIN TECHNOLOGY CO.,L | AM37: AOSOM CA-1 | AN37: AOSOM CA-1 | AO37: 2026-02-17 12:08:54 | AP37: 2026-02-16 23:59:59 | AQ37: 2026-02-12 00:00:00 | AR37: 2026-02-15 07:41:00 | AS37: 2026-02-12 00:00:00 | AT37: 2026-02-13 00:00:00 | AU37: Drop off | AW37: 2026-02-13 00:00:00 | AX37: 2026-02-13 00:00:00 | AZ37: 2026-02-25 23:59:59 | BA37: 2026-02-16 00:00:00 | BB37: 2026-02-18 15:20:00 | BK37: FOB | BL37: 520 | BM37: 65.71 | BN37: 9512.5 | BO37: 25031.5 | BP37: 25031.5 | BQ37: 25031.5 | BR37: 0 | BS37: 美元 | BT37: 1529 | BV37: SYNERGY BUSAN | BW37: 552N | BX37: 已申报 | BY37: 2025-12-25 21:01:40 | CD37: 2026-01-03 20:12:56 | CG37: 262759884 | CH37: MAEU | CI37: MAEU262759884 | CJ37: MAEU262759884 | CM37: WMS已完成 | CN37: 已入库 | CO37: 2026-02-16 14:19:48 | CP37: 2026-01-03 00:00:00 | CT37: B2B：需换单
A38: 否 | B38: AOSOM LLC | C38: 25DSA5948 | D38: 25DSA5948 | E38: 25DSA5948 | F38: 已出运 | G38: 未清关 | H38: 已还箱 | I38: HASU4908522 | J38: 262760130 | K38: MAERSK | L38: 40HQ | N38: 否 | O38: 0 | P38: 厦门港 | Q38: 洛杉矶 | R38: 宁波天图翼联物流科技有限公司 | S38: Los warehouse group | T38: 2026-02-11 08:00:00 | U38: 2026-02-11 08:00:00 | V38: 2026-01-03 00:00:00 | W38: 2026-02-08 23:59:59 | Y38: Sen Mart International Inc. | Z38: 否 | AA38: 全部生成 | AB38: 2026-02-13 19:59:11 | AD38: 釜山 | AE38: 2026-01-06 19:11:00 | AF38: 2026-02-11 04:53:00 | AG38: 2026-02-11 11:37:00 | AH38: APM TERMINALS LOS ANGELES PIER 400 | AI38: 2026-02-16 23:59:59 | AJ38: 否 | AK38: 卡车 | AL38: SHANGHAI FLYING FISH SUPPLY CHAIN TECHNOLOGY CO.,L | AM38: AOSOM CA-1 | AN38: AOSOM CA-1 | AO38: 2026-02-17 12:09:05 | AP38: 2026-02-16 23:59:59 | AQ38: 2026-02-12 00:00:00 | AR38: 2026-02-15 13:25:00 | AS38: 2026-02-12 00:00:00 | AT38: 2026-02-13 00:00:00 | AU38: Drop off | AW38: 2026-02-13 00:00:00 | AX38: 2026-02-16 00:00:00 | AZ38: 2026-02-25 23:59:59 | BA38: 2026-02-17 00:00:00 | BB38: 2026-02-18 07:29:00 | BK38: FOB | BL38: 390 | BM38: 65.84 | BN38: 7800 | BO38: 23407.2 | BP38: 23407.2 | BQ38: 23407.2 | BR38: 0 | BS38: 美元 | BT38: 1529 | BV38: SYNERGY BUSAN | BW38: 552N | BX38: 已申报 | BY38: 2025-12-25 21:01:40 | CD38: 2026-01-03 20:12:56 | CG38: 262760130 | CH38: MAEU | CI38: MAEU262760130 | CJ38: MAEU262760130 | CM38: WMS已完成 | CN38: 已入库 | CO38: 2026-02-17 08:12:14 | CP38: 2026-01-03 00:00:00 | CT38: B2B：需换单
A39: 否 | B39: AOSOM LLC | C39: 25DSA5953 | D39: 25DSA5953 | E39: 25DSA5953 | F39: 已出运 | G39: 未清关 | H39: 已卸船/火车 | I39: MSKU1739536 | J39: 263605203 | K39: MAERSK | L39: 40HQ | N39: 是 | O39: 0 | P39: 厦门港 | Q39: 洛杉矶 | R39: 宁波天图翼联物流科技有限公司 | S39: Los warehouse group | T39: 2026-02-20 00:00:00 | U39: 2026-02-20 00:00:00 | V39: 2026-01-17 00:00:00 | W39: 2026-02-15 23:59:59 | Y39: Sen Mart International Inc. | Z39: 否 | AA39: 全部生成 | AB39: 2026-02-13 20:08:07 | AD39: 釜山 | AE39: 2026-01-20 03:45:00 | AF39: 2026-02-19 08:00:00 | AG39: 2026-02-23 20:21:00 | AH39: LSA APM TERMINAL PIER 400( W185 ) | AI39: 2026-02-27 18:04:28 | AJ39: 否 | AK39: 卡车 | AL39: SHANGHAI FLYING FISH SUPPLY CHAIN TECHNOLOGY CO.,L | AM39: AOSOM CA-1 | AP39: 2026-02-27 23:59:59 | AQ39: 2026-02-24 00:00:00 | AS39: 2026-02-24 00:00:00 | AT39: 2026-02-24 00:00:00 | AU39: Drop off | AW39: 2026-02-24 00:00:00 | AX39: 2026-02-24 00:00:00 | AZ39: 2026-03-05 23:59:59 | BA39: 2026-02-25 00:00:00 | BK39: FOB | BL39: 781 | BM39: 68.18 | BN39: 12010.5 | BO39: 27754.86 | BP39: 27754.86 | BQ39: 27754.86 | BR39: 0 | BS39: 美元 | BT39: 1639 | BV39: NAVIOS JASMINE | BW39: 602N | BX39: 已申报 | BY39: 2026-01-13 21:02:11 | CD39: 2026-01-18 19:53:35 | CG39: 263605203 | CH39: MAEU | CI39: MAEU263605203 | CJ39: MAEU263605203 | CP39: 2026-01-29 00:00:00 | CT39: B2B：需换单
A40: 否 | B40: AOSOM LLC | C40: 25DSA5958 | D40: 25DSA5958 | E40: 25DSA5958 | F40: 已出运 | G40: 未清关 | H40: 已到中转港 | I40: MRKU3444614 | J40: 263851550 | K40: MAERSK | L40: 40HQ | N40: 否 | O40: 0 | P40: 厦门港 | Q40: 萨凡纳 | R40: 宁波天图翼联物流科技有限公司 | S40: Atlanta warehouse group | T40: 2026-03-12 19:00:00 | U40: 2026-03-12 19:00:00 | V40: 2026-01-31 00:00:00 | W40: 2026-03-10 23:59:59 | Y40: Sen Mart International Inc. | Z40: 否 | AA40: 全部传递 | AD40: 釜山 | AE40: 2026-02-02 10:19:00 | AJ40: 否 | AK40: 卡车 | AP40: 2026-03-17 23:59:59 | AZ40: 2026-03-23 23:59:59 | BK40: FOB | BL40: 621 | BM40: 69.65 | BN40: 6415.4 | BO40: 19195.86 | BP40: 19195.86 | BQ40: 19195.86 | BR40: 0 | BS40: 美元 | BT40: 2639 | BV40: SYNERGY BUSAN | BW40: 604N | BX40: 已申报 | BY40: 2026-01-27 21:02:11 | CD40: 2026-01-31 20:03:53 | CG40: 263851550 | CH40: MAEU | CI40: MAEU263851550 | CJ40: MAEU263851550 | CP40: 2026-03-01 00:00:00 | CT40: B2B：需换单
A41: 否 | B41: AOSOM LLC | C41: 25DSA5959 | D41: 25DSA5959 | E41: 25DSA5959 | F41: 已出运 | G41: 未清关 | H41: 已到中转港 | I41: HASU4262160 | J41: 263851467 | K41: MAERSK | L41: 40HQ | N41: 否 | O41: 0 | P41: 厦门港 | Q41: 萨凡纳 | R41: 宁波天图翼联物流科技有限公司 | S41: Atlanta warehouse group | T41: 2026-03-19 19:00:00 | U41: 2026-03-19 19:00:00 | V41: 2026-01-31 00:00:00 | W41: 2026-03-10 23:59:59 | Y41: Sen Mart International Inc. | Z41: 否 | AA41: 全部传递 | AD41: 釜山 | AE41: 2026-02-02 14:10:00 | AJ41: 否 | AK41: 卡车 | AP41: 2026-03-24 23:59:59 | AZ41: 2026-03-30 23:59:59 | BK41: FOB | BL41: 780 | BM41: 67.95 | BN41: 12184.7 | BO41: 23429.44 | BP41: 23429.44 | BQ41: 23429.44 | BR41: 0 | BS41: 美元 | BT41: 2639 | BV41: SYNERGY BUSAN | BW41: 604N | BX41: 已申报 | BY41: 2026-01-27 21:02:10 | CD41: 2026-01-31 20:03:52 | CG41: 263851467 | CH41: MAEU | CI41: MAEU263851467 | CJ41: MAEU263851467 | CP41: 2026-03-01 00:00:00 | CT41: B2B：需换单
A42: 否 | B42: AOSOM LLC | C42: 25DSA5969 | D42: 25DSA5969 | E42: 25DSA5969 | F42: 已出运 | G42: 未清关 | H42: 已还箱 | I42: MSKU1542640 | J42: 263605193 | K42: MAERSK | L42: 40HQ | N42: 否 | O42: 0 | P42: 厦门港 | Q42: 洛杉矶 | R42: 宁波天图翼联物流科技有限公司 | S42: Los warehouse group | T42: 2026-02-20 00:00:00 | U42: 2026-02-20 00:00:00 | V42: 2026-01-17 00:00:00 | W42: 2026-02-15 23:59:59 | Y42: Sen Mart International Inc. | Z42: 否 | AA42: 全部生成 | AB42: 2026-02-13 20:08:07 | AD42: 釜山 | AE42: 2026-01-20 03:52:00 | AF42: 2026-02-19 08:00:00 | AG42: 2026-02-20 01:09:00 | AH42: APM TERMINALS LOS ANGELES PIER 400 | AI42: 2026-02-24 23:59:59 | AJ42: 否 | AK42: 卡车 | AL42: SHANGHAI FLYING FISH SUPPLY CHAIN TECHNOLOGY CO.,L | AM42: AOSOM CA-1 | AP42: 2026-02-24 23:59:59 | AQ42: 2026-02-24 00:00:00 | AR42: 2026-02-24 17:42:02 | AS42: 2026-02-24 00:00:00 | AT42: 2026-02-24 00:00:00 | AU42: Drop off | AW42: 2026-02-24 00:00:00 | AX42: 2026-02-24 00:00:00 | AZ42: 2026-03-05 23:59:59 | BA42: 2026-02-25 00:00:00 | BB42: 2026-02-26 12:48:00 | BK42: FOB | BL42: 499 | BM42: 68.87 | BN42: 10405 | BO42: 23397.52 | BP42: 23397.52 | BQ42: 23397.52 | BR42: 0 | BS42: 美元 | BT42: 1639 | BV42: NAVIOS JASMINE | BW42: 602N | BX42: 已申报 | BY42: 2026-01-13 21:02:11 | CD42: 2026-01-17 19:53:28 | CG42: 263605193 | CH42: MAEU | CI42: MAEU263605193 | CJ42: MAEU263605193 | CP42: 2026-01-29 00:00:00 | CT42: B2B：需换单
A43: 否 | B43: AOSOM LLC | C43: 25DSA5970 | D43: 25DSA5970 | E43: 25DSA5970 | F43: 已出运 | G43: 未清关 | H43: 已还箱 | I43: MSKU0533284 | J43: 263605164 | K43: MAERSK | L43: 40HQ | N43: 否 | O43: 0 | P43: 厦门港 | Q43: 洛杉矶 | R43: 宁波天图翼联物流科技有限公司 | S43: Los warehouse group | T43: 2026-02-20 00:00:00 | U43: 2026-02-20 00:00:00 | V43: 2026-01-10 00:00:00 | W43: 2026-02-15 23:59:59 | Y43: Sen Mart International Inc. | Z43: 否 | AA43: 全部生成 | AB43: 2026-02-13 20:05:30 | AD43: 釜山 | AE43: 2026-01-13 08:51:00 | AF43: 2026-02-19 08:00:00 | AG43: 2026-02-19 19:07:00 | AH43: APM TERMINALS LOS ANGELES PIER 400 | AI43: 2026-02-24 23:59:59 | AJ43: 否 | AK43: 卡车 | AL43: SHANGHAI FLYING FISH SUPPLY CHAIN TECHNOLOGY CO.,L | AM43: AOSOM CA-1 | AN43: AOSOM CA-1 | AO43: 2026-02-26 14:39:15 | AP43: 2026-02-24 23:59:59 | AQ43: 2026-02-24 00:00:00 | AR43: 2026-02-23 19:37:00 | AS43: 2026-02-24 00:00:00 | AT43: 2026-02-24 00:00:00 | AU43: Drop off | AW43: 2026-02-24 00:00:00 | AX43: 2026-02-24 00:00:00 | AZ43: 2026-03-04 23:59:59 | BA43: 2026-02-25 00:00:00 | BB43: 2026-02-26 07:39:00 | BK43: FOB | BL43: 223 | BM43: 67.22 | BN43: 9702.6 | BO43: 26020.74 | BP43: 26020.74 | BQ43: 26020.74 | BR43: 0 | BS43: 美元 | BT43: 1639 | BV43: UTE | BW43: 601N | BX43: 已申报 | BY43: 2026-01-07 21:01:49 | CD43: 2026-01-11 20:24:20 | CG43: 263605164 | CH43: MAEU | CI43: MAEU263605164 | CJ43: MAEU263605164 | CM43: WMS已完成 | CN43: 已入库 | CO43: 2026-02-26 08:27:58 | CP43: 2026-01-22 00:00:00 | CT43: B2B：需换单
A44: 否 | B44: AOSOM LLC | C44: 25DSA5971 | D44: 25DSA5971 | E44: 25DSA5971 | F44: 已出运 | G44: 未清关 | H44: 已到中转港 | I44: SELU4095577 | J44: 265125075 | K44: MAERSK | L44: 40HQ | N44: 否 | O44: 0 | P44: 厦门港 | Q44: 洛杉矶 | R44: 宁波天图翼联物流科技有限公司 | S44: Los warehouse group | T44: 2026-03-12 08:00:00 | U44: 2026-03-12 08:00:00 | V44: 2026-01-31 00:00:00 | Y44: Sen Mart International Inc. | Z44: 否 | AA44: 全部传递 | AD44: 釜山 | AE44: 2026-02-02 11:07:00 | AJ44: 否 | AK44: 卡车 | AL44: SHANGHAI FLYING FISH SUPPLY CHAIN TECHNOLOGY CO.,L | AM44: AOSOM CA-1 | AP44: 2026-03-17 23:59:59 | AQ44: 2026-03-13 00:00:00 | AS44: 2026-03-13 00:00:00 | AT44: 2026-03-13 00:00:00 | AU44: Drop off | AW44: 2026-03-13 00:00:00 | AX44: 2026-03-13 00:00:00 | AZ44: 2026-03-24 23:59:59 | BA44: 2026-03-16 00:00:00 | BK44: FOB | BL44: 493 | BM44: 69.72 | BN44: 9353.4 | BO44: 23397.95 | BP44: 23397.95 | BQ44: 23397.95 | BR44: 0 | BS44: 美元 | BT44: 1639 | BV44: SYNERGY BUSAN | BW44: 604N | BX44: 已申报 | BY44: 2026-01-27 21:02:13 | CD44: 2026-02-01 20:03:42 | CG44: 265125075 | CH44: MAEU | CI44: MAEU265125075 | CJ44: MAEU265125075 | CP44: 2026-02-05 00:00:00 | CT44: B2B：需换单
A45: 否 | B45: AOSOM LLC | C45: 25DSA5984 | D45: 25DSA5984 | E45: 25DSA5984 | F45: 已出运 | G45: 未清关 | H45: 已到中转港 | I45: HASU5047624 | J45: 263705145 | K45: MAERSK | L45: 40HQ | N45: 否 | O45: 0 | P45: 厦门港 | Q45: 萨凡纳 | R45: 宁波天图翼联物流科技有限公司 | S45: Atlanta warehouse group | T45: 2026-03-06 07:00:00 | U45: 2026-03-06 07:00:00 | V45: 2026-01-24 00:00:00 | W45: 2026-03-03 23:59:59 | Y45: Sen Mart International Inc. | Z45: 否 | AA45: 全部传递 | AD45: 釜山 | AE45: 2026-01-27 09:12:00 | AJ45: 否 | AK45: 卡车 | AP45: 2026-03-11 23:59:59 | AZ45: 2026-03-17 23:59:59 | BK45: FOB | BL45: 592 | BM45: 68.43 | BN45: 11378 | BO45: 30791.42 | BP45: 30791.42 | BQ45: 30791.42 | BR45: 0 | BS45: 美元 | BT45: 2639 | BV45: SYNERGY KEELUNG | BW45: 603N | BX45: 已申报 | BY45: 2026-01-20 21:02:03 | CD45: 2026-01-24 20:03:22 | CG45: 263705145 | CH45: MAEU | CI45: MAEU263705145 | CJ45: MAEU263705145 | CP45: 2026-02-22 00:00:00 | CT45: B2B：需换单
A46: 否 | B46: AOSOM LLC | C46: 25DSA5985 | D46: 25DSA5985 | E46: 25DSA5985 | F46: 已出运 | G46: 未清关 | H46: 已到中转港 | I46: MSKU9538841 | J46: 263705100 | K46: MAERSK | L46: 40HQ | N46: 否 | O46: 0 | P46: 厦门港 | Q46: 萨凡纳 | R46: 宁波天图翼联物流科技有限公司 | S46: Atlanta warehouse group | T46: 2026-03-06 07:00:00 | U46: 2026-03-06 07:00:00 | V46: 2026-01-24 00:00:00 | W46: 2026-03-03 23:59:59 | Y46: Sen Mart International Inc. | Z46: 否 | AA46: 全部传递 | AD46: 釜山 | AE46: 2026-01-27 10:00:00 | AJ46: 否 | AK46: 卡车 | AP46: 2026-03-11 23:59:59 | AZ46: 2026-03-17 23:59:59 | BK46: FOB | BL46: 631 | BM46: 66.34 | BN46: 13638.1 | BO46: 31574.1 | BP46: 31574.1 | BQ46: 31574.1 | BR46: 0 | BS46: 美元 | BT46: 2639 | BV46: SYNERGY KEELUNG | BW46: 603N | BX46: 已申报 | BY46: 2026-01-20 21:02:03 | CD46: 2026-01-24 20:03:22 | CG46: 263705100 | CH46: MAEU | CI46: MAEU263705100 | CJ46: MAEU263705100 | CP46: 2026-02-22 00:00:00 | CT46: B2B：需换单
A47: 否 | B47: AOSOM LLC | C47: 25DSA5986 | D47: 25DSA5986 | E47: 25DSA5986 | F47: 已出运 | G47: 未清关 | H47: 已到目的港 | I47: MRSU8794834 | J47: 263605070 | K47: MAERSK | L47: 40HQ | N47: 否 | O47: 0 | P47: 厦门港 | Q47: 萨凡纳 | R47: 宁波天图翼联物流科技有限公司 | S47: Atlanta warehouse group | T47: 2026-02-26 04:30:00 | U47: 2026-02-26 04:30:00 | V47: 2026-01-17 00:00:00 | W47: 2026-02-24 23:59:59 | Y47: SODARISE INC | Z47: 否 | AA47: 全部生成 | AB47: 2026-02-13 17:44:31 | AD47: 釜山 | AE47: 2026-01-19 22:59:00 | AF47: 2026-02-26 04:15:00 | AH47: GARDEN CITY MARINE TERMINAL | AI47: 2026-03-05 23:59:59 | AJ47: 否 | AK47: 卡车 | AL47: Portguys Logistics Llc | AM47: AOSOM GA-1 | AP47: 2026-03-05 23:59:59 | AQ47: 2026-03-03 23:59:59 | AS47: 2026-03-03 23:59:59 | AT47: 2026-03-03 23:59:59 | AU47: Drop off | AW47: 2026-03-04 23:59:59 | AX47: 2026-03-06 23:59:59 | AZ47: 2026-03-12 23:59:59 | BA47: 2026-03-07 23:59:59 | BK47: FOB | BL47: 616 | BM47: 69.96 | BN47: 12016.86 | BO47: 29143.56 | BP47: 29143.56 | BQ47: 29143.56 | BR47: 0 | BS47: 美元 | BT47: 2639 | BV47: NAVIOS JASMINE | BW47: 602N | BX47: 已申报 | BY47: 2026-01-13 21:02:12 | CD47: 2026-01-17 19:53:29 | CG47: 263605070 | CH47: MAEU | CI47: MAEU263605070 | CJ47: MAEU263605070 | CP47: 2026-02-15 00:00:00 | CT47: B2B：需换单
A48: 否 | B48: AOSOM LLC | C48: 25DSA5987 | D48: 25DSA5987 | E48: 25DSA5987 | F48: 已出运 | G48: 未清关 | H48: 已到目的港 | I48: CAAU9221491 | J48: 263605111 | K48: MAERSK | L48: 40HQ | N48: 否 | O48: 0 | P48: 厦门港 | Q48: 萨凡纳 | R48: 宁波天图翼联物流科技有限公司 | S48: Atlanta warehouse group | T48: 2026-02-26 04:30:00 | U48: 2026-02-26 04:30:00 | V48: 2026-01-17 00:00:00 | W48: 2026-02-24 23:59:59 | Y48: Sen Mart International Inc. | Z48: 否 | AA48: 全部生成 | AB48: 2026-02-13 17:44:16 | AD48: 釜山 | AE48: 2026-01-19 19:49:00 | AF48: 2026-02-26 04:15:00 | AJ48: 否 | AK48: 卡车 | AL48: Portguys Logistics Llc | AM48: AOSOM GA-1 | AP48: 2026-03-03 23:59:59 | AQ48: 2026-03-03 23:59:59 | AS48: 2026-03-03 23:59:59 | AT48: 2026-03-03 23:59:59 | AU48: Drop off | AW48: 2026-03-04 23:59:59 | AX48: 2026-03-06 23:59:59 | AZ48: 2026-03-12 23:59:59 | BA48: 2026-03-07 23:59:59 | BK48: FOB | BL48: 314 | BM48: 67.24 | BN48: 9154.73 | BO48: 23841.18 | BP48: 23841.18 | BQ48: 23841.18 | BR48: 0 | BS48: 美元 | BT48: 2639 | BV48: NAVIOS JASMINE | BW48: 602N | BX48: 已申报 | BY48: 2026-01-14 21:02:18 | CD48: 2026-01-18 19:54:20 | CG48: 263605111 | CH48: MAEU | CI48: MAEU263605111 | CJ48: MAEU263605111 | CP48: 2026-02-15 00:00:00 | CT48: B2B：需换单
A49: 否 | B49: AOSOM LLC | C49: 25DSA5988 | D49: 25DSA5988 | E49: 25DSA5988 | F49: 已出运 | G49: 未清关 | H49: 已到中转港 | I49: MSKU0675165 | J49: 265255043 | K49: MAERSK | L49: 40HQ | N49: 是 | O49: 0 | P49: 厦门港 | Q49: 萨凡纳 | R49: 宁波天图翼联物流科技有限公司 | S49: Atlanta warehouse group | T49: 2026-03-19 19:00:00 | U49: 2026-03-19 19:00:00 | V49: 2026-01-31 00:00:00 | W49: 2026-03-10 23:59:59 | Y49: Sen Mart International Inc. | Z49: 否 | AA49: 全部传递 | AD49: 釜山 | AE49: 2026-02-02 16:34:00 | AJ49: 否 | AK49: 卡车 | AP49: 2026-03-24 23:59:59 | AZ49: 2026-03-30 23:59:59 | BK49: FOB | BL49: 331 | BM49: 67.75 | BN49: 10046.8 | BO49: 27588.53 | BP49: 27588.53 | BQ49: 27588.53 | BR49: 0 | BS49: 美元 | BT49: 2639 | BV49: SYNERGY BUSAN | BW49: 604N | BX49: 已申报 | BY49: 2026-01-27 21:02:13 | CD49: 2026-02-01 20:03:41 | CG49: 265255043 | CH49: MAEU | CI49: MAEU265255043 | CJ49: MAEU265255043 | CP49: 2026-03-01 00:00:00 | CT49: B2B：需换单
A50: 否 | B50: AOSOM LLC | C50: 25DSA5998 | D50: 25DSA5998 | E50: 25DSA5998 | F50: 已出运 | G50: 未清关 | H50: 已提柜 | I50: BMOU5954723 | J50: 177PZJZJS109688 | K50: MSC | L50: 40HQ | N50: 否 | O50: 0 | P50: 上海 | Q50: 纽约 | R50: 宁波外运国际货运代理有限公司 | S50: New Jersey Warehouse Group | T50: 2026-02-14 00:00:00 | U50: 2026-02-14 00:00:00 | V50: 2026-01-09 00:00:00 | Y50: Sen Mart International Inc. | Z50: 否 | AA50: 全部生成 | AB50: 2026-02-13 20:04:11 | AD50: 釜山 | AE50: 2026-01-09 07:00:00 | AF50: 2026-02-15 21:42:39 | AG50: 2026-02-16 00:00:00 | AH50: PORT NEWARK CONTAINER TERMINAL | AI50: 2026-02-20 23:59:59 | AJ50: 否 | AK50: 卡车 | AL50: JK EXPRESS USA INC | AM50: AOSOM NJ-1 | AP50: 2026-02-20 23:59:59 | AQ50: 2026-02-19 00:00:00 | AR50: 2026-02-19 00:00:00 | AS50: 2026-02-19 00:00:00 | AT50: 2026-02-19 00:00:00 | AU50: Drop off | AW50: 2026-02-20 00:00:00 | AX50: 2026-02-25 00:00:00 | AZ50: 2026-03-16 23:59:59 | BA50: 2026-02-26 00:00:00 | BK50: CIF | BL50: 190 | BM50: 66.77 | BN50: 24879 | BO50: 47553.3 | BP50: 47553.3 | BQ50: 50445.39 | BR50: 2892.1 | BS50: 美元 | BT50: 2886 | BV50: ROTTERDAM | BW50: 84E | BX50: 已申报 | BY50: 2026-01-04 21:01:51 | CD50: 2026-01-09 20:19:55 | CG50: MEDUW7698741 | CH50: MEDU | CI50: MEDUW7698741 | CJ50: MEDUW7698741 | CP50: 2026-01-08 00:00:00 | CT50: B2B：需换单
A51: 否 | B51: AOSOM LLC | C51: 25DSA6002 | D51: 25DSA6002 | E51: 25DSA6002 | F51: 已出运 | G51: 未清关 | H51: 已到中转港 | I51: MSMU6975303 | J51: 177PWYWYQ21947V | K51: MSC | L51: 40HQ | N51: 否 | O51: 0 | P51: 青岛 | Q51: 萨凡纳 | R51: 宁波天图翼联物流科技有限公司 | S51: Atlanta warehouse group | T51: 2026-03-12 00:00:00 | U51: 2026-03-12 00:00:00 | V51: 2026-01-28 00:00:00 | W51: 2026-03-04 23:59:59 | Y51: Sen Mart International Inc. | Z51: 否 | AA51: 全部传递 | AD51: 釜山 | AE51: 2026-02-01 07:00:00 | AJ51: 否 | AK51: 卡车 | AP51: 2026-03-17 23:59:59 | AZ51: 2026-03-25 23:59:59 | BK51: FOB | BL51: 747 | BM51: 70.65 | BN51: 15110 | BO51: 27935.7 | BP51: 27935.7 | BQ51: 27935.7 | BR51: 0 | BS51: 美元 | BT51: 2906 | BV51: MSC AMELIA | BW51: GJ604W | BX51: 已申报 | BY51: 2026-01-22 21:02:04 | CD51: 2026-01-28 20:00:06 | CG51: MEDUWA242231 | CH51: MEDU | CI51: MEDUWA242231 | CJ51: MEDUWA242231 | CP51: 2026-02-07 00:00:00 | CT51: B2B：需换单
A52: 否 | B52: AOSOM LLC | C52: 25DSA6003 | D52: 25DSA6003 | E52: 25DSA6003 | F52: 已出运 | G52: 未清关 | H52: 已出运 | I52: MSKU9860591 | J52: 263605921 | K52: MAERSK | L52: 40HQ | N52: 否 | O52: 0 | P52: 福州 | Q52: 萨凡纳 | R52: 宁波天图翼联物流科技有限公司 | S52: Atlanta warehouse group | T52: 2026-03-12 19:00:00 | U52: 2026-03-12 19:00:00 | V52: 2026-01-14 00:00:00 | W52: 2026-03-10 23:59:59 | Y52: SODARISE INC | Z52: 否 | AA52: 全部传递 | AD52: 宁波 | AJ52: 否 | AK52: 卡车 | AP52: 2026-03-17 23:59:59 | AZ52: 2026-03-23 23:59:59 | BK52: FOB | BL52: 755 | BM52: 66.38 | BN52: 17528.25 | BO52: 22978.65 | BP52: 22978.65 | BQ52: 22978.65 | BR52: 0 | BS52: 美元 | BT52: 2859 | BV52: XIN MING ZHOU 90 | BW52: 26503N | BX52: 未申报 | BY52: 2026-01-09 21:26:00 | CD52: 2026-01-16 19:53:18 | CG52: 263605921 | CH52: MAEU | CI52: MAEU263605921 | CJ52: MAEU263605921 | CP52: 2026-01-30 00:00:00 | CS52: Y | CT52: B2B：需换单
A53: 否 | B53: AOSOM LLC | C53: 25DSA6004 | D53: 25DSA6004 | E53: 25DSA6004 | F53: 已出运 | G53: 未清关 | H53: 已出运 | I53: MRKU3416818 | J53: 263605907 | K53: MAERSK | L53: 40HQ | N53: 否 | O53: 0 | P53: 福州 | Q53: 萨凡纳 | R53: 宁波天图翼联物流科技有限公司 | S53: Atlanta warehouse group | T53: 2026-03-12 19:00:00 | U53: 2026-03-12 19:00:00 | V53: 2026-01-14 00:00:00 | W53: 2026-03-10 23:59:59 | Y53: Sen Mart International Inc. | Z53: 否 | AA53: 全部传递 | AD53: 宁波 | AJ53: 否 | AK53: 卡车 | AP53: 2026-03-17 23:59:59 | AZ53: 2026-03-23 23:59:59 | BK53: FOB | BL53: 800 | BM53: 66.99 | BN53: 16006.94 | BO53: 25530.87 | BP53: 25530.87 | BQ53: 25530.87 | BR53: 0 | BS53: 美元 | BT53: 2859 | BV53: XIN MING ZHOU 90 | BW53: 26503N | BX53: 未申报 | BY53: 2026-01-09 21:26:00 | CD53: 2026-01-14 20:24:57 | CG53: 263605907 | CH53: MAEU | CI53: MAEU263605907 | CJ53: MAEU263605907 | CP53: 2026-01-30 00:00:00 | CT53: B2B：需换单
A54: 否 | B54: AOSOM LLC | C54: 25DSA6007 | D54: 25DSA6007 | E54: 25DSA6007 | F54: 已出运 | G54: 未清关 | H54: 已出运 | I54: FFAU2763072 | J54: 177PZJZJS109923 | K54: MSC | L54: 40HQ | N54: 否 | O54: 0 | P54: 上海 | Q54: 纽约 | R54: 宁波外运国际货运代理有限公司 | S54: New Jersey Warehouse Group | T54: 2026-03-02 00:00:00 | U54: 2026-03-02 00:00:00 | V54: 2026-01-14 00:00:00 | Y54: Sen Mart International Inc. | Z54: 否 | AA54: 全部生成 | AB54: 2026-02-13 17:45:03 | AJ54: 否 | AK54: 卡车 | AL54: SHANGHAI FLYING FISH SUPPLY CHAIN TECHNOLOGY CO.,L | AM54: AOSOM NJ-1 | AP54: 2026-03-05 23:59:59 | AQ54: 2026-03-02 12:00:00 | AS54: 2026-03-02 12:00:00 | AT54: 2026-03-02 12:00:00 | AU54: Drop off | AW54: 2026-03-03 12:00:00 | AX54: 2026-03-04 00:00:00 | AZ54: 2026-03-25 23:59:59 | BA54: 2026-03-05 00:00:00 | BK54: CIF | BL54: 899 | BM54: 63.7 | BN54: 10332.5 | BO54: 21817.95 | BP54: 21817.95 | BQ54: 24706.93 | BR54: 2888.99 | BS54: 美元 | BT54: 2886 | BV54: MSC UBERTY VIII | BW54: GE602E | BX54: 未申报 | BY54: 2026-01-09 21:26:00 | CD54: 2026-01-15 20:24:48 | CG54: MEDUW7873575 | CH54: MEDU | CI54: MEDUW7873575 | CJ54: MEDUW7873575 | CP54: 2026-01-15 00:00:00 | CT54: B2B：需换单
A55: 否 | B55: AOSOM LLC | C55: 25DSA6008 | D55: 25DSA6008 | E55: 25DSA6008 | F55: 已出运 | G55: 未清关 | H55: 已出运 | I55: TLLU8797772 | J55: 177PZJZJS109922 | K55: MSC | L55: 40HQ | N55: 否 | O55: 0 | P55: 上海 | Q55: 纽约 | R55: 宁波外运国际货运代理有限公司 | S55: New Jersey Warehouse Group | T55: 2026-03-02 00:00:00 | U55: 2026-03-02 00:00:00 | V55: 2026-01-14 00:00:00 | Y55: Sen Mart International Inc. | Z55: 否 | AA55: 全部生成 | AB55: 2026-02-13 17:44:50 | AJ55: 否 | AK55: 卡车 | AL55: SHANGHAI FLYING FISH SUPPLY CHAIN TECHNOLOGY CO.,L | AM55: AOSOM NJ-1 | AP55: 2026-03-05 23:59:59 | AQ55: 2026-03-02 12:00:00 | AS55: 2026-03-02 12:00:00 | AT55: 2026-03-02 12:00:00 | AU55: Drop off | AW55: 2026-03-03 12:00:00 | AX55: 2026-03-04 00:00:00 | AZ55: 2026-03-25 23:59:59 | BA55: 2026-03-05 00:00:00 | BK55: CIF | BL55: 380 | BM55: 65.49 | BN55: 3564 | BO55: 9869.4 | BP55: 9869.4 | BQ55: 12756.95 | BR55: 2887.54 | BS55: 美元 | BT55: 2886 | BV55: MSC UBERTY VIII | BW55: GE602E | BX55: 未申报 | BY55: 2026-01-09 21:26:01 | CD55: 2026-01-15 20:24:48 | CG55: MEDUW7873567 | CH55: MEDU | CI55: MEDUW7873567 | CJ55: MEDUW7873567 | CP55: 2026-01-15 00:00:00 | CT55: B2B：需换单
A56: 否 | B56: AOSOM LLC | C56: 25DSA6019 | D56: 25DSA6019 | E56: 25DSA6019 | F56: 已出运 | G56: 未清关 | H56: 已还箱 | I56: GAOU6230589 | J56: NBOZ5N549000 | K56: HMM | L56: 40HQ | N56: 否 | O56: 0 | P56: 宁波 | Q56: 萨凡纳 | R56: 简达物流集团股份有限公司 | S56: Atlanta warehouse group | T56: 2026-02-11 19:20:00 | U56: 2026-02-11 19:20:00 | V56: 2026-01-03 00:00:00 | W56: 2026-02-09 23:59:59 | Y56: Sen Mart International Inc. | Z56: 否 | AA56: 全部生成 | AB56: 2026-02-13 20:01:12 | AD56: 乍浦港,平湖,嘉兴,浙江 | AF56: 2026-02-10 08:20:00 | AG56: 2026-02-11 22:32:00 | AH56: GARDEN CITY MARINE TERMINAL | AI56: 2026-02-18 23:59:59 | AJ56: 否 | AK56: 卡车 | AL56: Portguys Logistics Llc | AM56: AOSOM GA-1 | AN56: AOSOM GA-1 | AO56: 2026-02-20 09:39:07 | AP56: 2026-02-18 23:59:59 | AQ56: 2026-02-13 23:59:59 | AR56: 2026-02-16 14:25:00 | AS56: 2026-02-13 23:59:59 | AT56: 2026-02-13 23:59:59 | AU56: Drop off | AW56: 2026-02-14 23:59:59 | AX56: 2026-02-16 23:59:59 | AZ56: 2026-02-25 23:59:59 | BA56: 2026-02-17 23:59:59 | BB56: 2026-02-20 07:20:00 | BH56: 2026-02-20 12:00:17 | BK56: CIF | BL56: 438 | BM56: 66.31 | BN56: 8510 | BO56: 23794.64 | BP56: 23794.64 | BQ56: 26624.85 | BR56: 2830.22 | BS56: 美元 | BT56: 2853 | BV56: HMM VICTORY | BW56: 0058E | BX56: 已申报 | BY56: 2025-12-31 21:01:56 | CD56: 2026-01-03 20:21:54 | CG56: NBOZ5N549000 | CH56: HDMU | CI56: HDMUNBOZ5N549000 | CJ56: HDMUNBOZ5N549000 | CM56: WMS已完成 | CN56: 已入库 | CO56: 2026-02-20 07:39:52 | CP56: 2026-01-03 00:00:00 | CT56: B2B：需换单
A57: 否 | B57: AOSOM LLC | C57: 25DSA6020 | D57: 25DSA6020 | E57: 25DSA6020 | F57: 已出运 | G57: 已完成 | H57: 已还箱 | I57: HMMU6555161 | J57: NBOZ52J52400 | K57: HMM | L57: 40HQ | N57: 否 | O57: 0 | P57: 宁波 | Q57: 萨凡纳 | R57: 简达物流集团股份有限公司 | S57: Atlanta warehouse group | T57: 2026-02-12 18:00:00 | U57: 2026-02-12 18:00:00 | V57: 2026-01-08 00:00:00 | W57: 2026-02-10 23:59:59 | Y57: Sen Mart International Inc. | Z57: 否 | AA57: 部分生成 | AF57: 2026-02-12 06:35:00 | AG57: 2026-02-13 10:04:00 | AH57: GARDEN CITY MARINE TERMINAL | AI57: 2026-02-20 23:59:59 | AJ57: 否 | AK57: 卡车 | AL57: LFT TRANSPORTATION INC | AM57: AOSOM GA-1 | AN57: AOSOM GA-1 | AO57: 2026-02-23 10:38:51 | AP57: 2026-02-20 23:59:59 | AQ57: 2026-02-17 23:59:59 | AR57: 2026-02-18 15:28:00 | AS57: 2026-02-17 23:59:59 | AT57: 2026-02-17 23:59:59 | AU57: Drop off | AW57: 2026-02-18 23:59:59 | AX57: 2026-02-19 23:59:59 | AZ57: 2026-02-27 23:59:59 | BA57: 2026-02-20 23:59:59 | BB57: 2026-02-23 15:56:00 | BH57: 2026-02-23 12:00:18 | BK57: CIF | BL57: 194 | BM57: 71.43 | BN57: 22885 | BO57: 32290.28 | BP57: 32290.28 | BQ57: 35121.54 | BR57: 2831.25 | BS57: 美元 | BT57: 2827 | BV57: ONE OWL | BW57: 032E | BX57: 已申报 | BY57: 2026-01-05 21:01:56 | CD57: 2026-01-09 20:22:49 | CG57: NBOZ52J52400 | CH57: HDMU | CI57: HDMUNBOZ52J52400 | CJ57: HDMUNBOZ52J52400 | CM57: WMS已完成 | CN57: 已入库 | CO57: 2026-02-23 08:10:00 | CP57: 2026-01-07 00:00:00 | CT57: B2B：需换单
A58: 否 | B58: AOSOM LLC | C58: 25DSA6021 | D58: 25DSA6021 | E58: 25DSA6021 | F58: 已出运 | G58: 已完成 | H58: 已提柜 | I58: HMMU6469459 | J58: NBOZ4P422100 | K58: HMM | L58: 40HQ | N58: 否 | O58: 0 | P58: 宁波 | Q58: 萨凡纳 | R58: 简达物流集团股份有限公司 | S58: Atlanta warehouse group | T58: 2026-02-12 18:00:00 | U58: 2026-02-12 18:00:00 | V58: 2026-01-07 00:00:00 | W58: 2026-02-10 23:59:59 | Y58: Sen Mart International Inc. | Z58: 否 | AA58: 部分生成 | AF58: 2026-02-12 06:35:00 | AG58: 2026-02-14 04:29:00 | AH58: GARDEN CITY MARINE TERMINAL | AI58: 2026-02-21 23:59:59 | AJ58: 否 | AK58: 卡车 | AL58: Portguys Logistics Llc | AM58: AOSOM GA-1 | AP58: 2026-02-21 23:59:59 | AQ58: 2026-02-17 23:59:59 | AR58: 2026-02-19 14:30:00 | AS58: 2026-02-17 23:59:59 | AT58: 2026-02-17 23:59:59 | AU58: Drop off | AW58: 2026-02-18 23:59:59 | AX58: 2026-02-23 23:59:59 | AZ58: 2026-02-28 23:59:59 | BA58: 2026-02-24 23:59:59 | BK58: CIF | BL58: 501 | BM58: 62.73 | BN58: 9597 | BO58: 19871.35 | BP58: 19871.35 | BQ58: 22701.07 | BR58: 2829.75 | BS58: 美元 | BT58: 2827 | BV58: ONE OWL | BW58: 032E | BX58: 已申报 | BY58: 2026-01-05 21:01:56 | CD58: 2026-01-14 20:20:04 | CG58: NBOZ4P422100 | CH58: HDMU | CI58: HDMUNBOZ4P422100 | CJ58: HDMUNBOZ4P422100 | CP58: 2026-01-07 00:00:00 | CT58: B2B：需换单
A59: 否 | B59: AOSOM LLC | C59: 25DSA6022 | D59: 25DSA6022 | E59: 25DSA6022 | F59: 已出运 | G59: 已完成 | H59: 已还箱 | I59: HMMU6979302 | J59: NBOZ2WC52800 | K59: HMM | L59: 40HQ | N59: 否 | O59: 0 | P59: 宁波 | Q59: 萨凡纳 | R59: 简达物流集团股份有限公司 | S59: Atlanta warehouse group | T59: 2026-02-12 18:00:00 | U59: 2026-02-12 18:00:00 | V59: 2026-01-08 00:00:00 | W59: 2026-02-10 23:59:59 | Y59: Sen Mart International Inc. | Z59: 否 | AA59: 部分生成 | AF59: 2026-02-12 06:35:00 | AG59: 2026-02-13 13:10:00 | AH59: GARDEN CITY MARINE TERMINAL | AI59: 2026-02-20 23:59:59 | AJ59: 否 | AK59: 卡车 | AL59: LFT TRANSPORTATION INC | AM59: AOSOM GA-1 | AN59: AOSOM GA-1 | AO59: 2026-02-24 07:39:23 | AP59: 2026-02-20 23:59:59 | AQ59: 2026-02-17 23:59:59 | AR59: 2026-02-18 15:28:00 | AS59: 2026-02-17 23:59:59 | AT59: 2026-02-17 23:59:59 | AU59: Drop off | AW59: 2026-02-18 23:59:59 | AX59: 2026-02-19 23:59:59 | AZ59: 2026-02-27 23:59:59 | BA59: 2026-02-20 23:59:59 | BB59: 2026-02-24 07:20:00 | BK59: CIF | BL59: 500 | BM59: 67.71 | BN59: 14775 | BO59: 39532.2 | BP59: 39532.2 | BQ59: 42364.33 | BR59: 2832.13 | BS59: 美元 | BT59: 2827 | BV59: ONE OWL | BW59: 032E | BX59: 已申报 | BY59: 2026-01-05 21:01:56 | CD59: 2026-01-09 20:22:50 | CG59: NBOZ2WC52800 | CH59: HDMU | CI59: HDMUNBOZ2WC52800 | CJ59: HDMUNBOZ2WC52800 | CM59: WMS已完成 | CN59: 已入库 | CO59: 2026-02-24 05:13:46 | CP59: 2026-01-07 00:00:00 | CT59: B2B：需换单
A60: 否 | B60: AOSOM LLC | C60: 25DSA6036 | D60: 25DSA6036 | E60: 25DSA6036 | F60: 已出运 | G60: 未清关 | H60: 已出运 | I60: TGBU7946700 | J60: 181AY0253385449A1 | K60: MSC | L60: 40HQ | N60: 否 | O60: 0 | P60: 盐田 | Q60: 萨凡纳 | R60: 宁波天图翼联物流科技有限公司 | S60: Atlanta warehouse group | T60: 2026-03-01 00:00:00 | U60: 2026-03-01 00:00:00 | V60: 2026-01-21 00:00:00 | W60: 2026-02-22 23:59:59 | Y60: Sen Mart International Inc. | Z60: 否 | AA60: 全部传递 | AJ60: 否 | AK60: 卡车 | AL60: Portguys Logistics Llc | AM60: AOSOM GA-1 | AP60: 2026-03-05 23:59:59 | AQ60: 2026-03-02 23:59:59 | AS60: 2026-03-02 23:59:59 | AT60: 2026-03-02 23:59:59 | AU60: Drop off | AW60: 2026-03-03 23:59:59 | AX60: 2026-03-05 23:59:59 | AZ60: 2026-03-13 23:59:59 | BA60: 2026-03-06 23:59:59 | BK60: FOB | BL60: 772 | BM60: 65.55 | BN60: 8073.1 | BO60: 28254.81 | BP60: 28254.81 | BQ60: 28254.81 | BR60: 0 | BS60: 美元 | BT60: 2906 | BV60: ZIM ARIES | BW60: 9E | BX60: 待重新申报 | BY60: 2026-01-16 21:02:34 | CD60: 2026-01-21 19:57:55 | CG60: MEDUYM654982 | CH60: MEDU | CI60: MEDUYM654982 | CJ60: MEDUYM654982 | CP60: 2026-01-23 00:00:00 | CT60: B2B：需换单
A61: 否 | B61: AOSOM LLC | C61: 25DSA6037 | D61: 25DSA6037 | E61: 25DSA6037 | F61: 已出运 | G61: 未清关 | H61: 已提柜 | I61: MRKU6088420 | J61: 264862595 | K61: MAERSK | L61: 40HQ | N61: 否 | O61: 0 | P61: 盐田 | Q61: 萨凡纳 | R61: 宁波天图翼联物流科技有限公司 | S61: Atlanta warehouse group | T61: 2026-02-19 23:15:00 | U61: 2026-02-19 23:15:00 | V61: 2026-01-15 00:00:00 | W61: 2026-02-16 23:59:59 | Y61: SODARISE INC | Z61: 否 | AA61: 全部生成 | AB61: 2026-02-13 20:07:41 | AD61: 釜山 | AE61: 2026-01-20 21:32:00 | AF61: 2026-02-19 22:51:00 | AG61: 2026-02-20 13:58:00 | AH61: GARDEN CITY MARINE TERMINAL | AI61: 2026-02-27 23:59:59 | AJ61: 否 | AK61: 卡车 | AL61: Portguys Logistics Llc | AM61: AOSOM GA-1 | AP61: 2026-02-27 23:59:59 | AQ61: 2026-02-24 23:59:59 | AR61: 2026-02-25 08:07:00 | AS61: 2026-02-24 23:59:59 | AT61: 2026-02-24 23:59:59 | AU61: Drop off | AW61: 2026-02-25 23:59:59 | AX61: 2026-02-27 23:59:59 | AZ61: 2026-03-06 23:59:59 | BA61: 2026-02-28 23:59:59 | BK61: FOB | BL61: 962 | BM61: 66.53 | BN61: 6134.65 | BO61: 24407.45 | BP61: 24407.45 | BQ61: 24407.45 | BR61: 0 | BS61: 美元 | BT61: 2639 | BV61: MAERSK LAVRAS | BW61: 602E | BX61: 已申报 | BY61: 2026-01-12 21:02:04 | CD61: 2026-01-16 19:56:02 | CG61: 264862595 | CH61: MAEU | CI61: MAEU264862595 | CJ61: MAEU264862595 | CP61: 2026-02-08 00:00:00 | CT61: B2B：需换单
A62: 否 | B62: AOSOM LLC | C62: 25DSA6038 | D62: 25DSA6038 | E62: 25DSA6038 | F62: 已出运 | G62: 已完成 | H62: 已提柜 | I62: MRSU3454770 | J62: 263066766 | K62: MAERSK | L62: 40HQ | N62: 否 | O62: 0 | P62: 丹戎帕拉帕斯 | Q62: 萨凡纳 | R62: SOUTHEAST INTERNATIONAL LOGISTICS MALAYSIA SDN BHD | S62: Atlanta warehouse group | T62: 2026-02-17 07:00:00 | U62: 2026-02-17 07:00:00 | V62: 2026-01-01 00:00:00 | W62: 2026-02-12 23:59:59 | Y62: Sen Mart International Inc. | Z62: 否 | AA62: 全部生成 | AB62: 2026-02-13 19:59:32 | AD62: 巴西古单 | AF62: 2026-02-17 18:35:00 | AG62: 2026-02-18 09:08:00 | AH62: GARDEN CITY MARINE TERMINAL | AI62: 2026-02-25 23:59:59 | AJ62: 否 | AK62: 卡车 | AL62: LFT TRANSPORTATION INC | AM62: AOSOM GA-1 | AP62: 2026-02-25 23:59:59 | AQ62: 2026-02-20 23:59:59 | AR62: 2026-02-23 17:00:53 | AS62: 2026-02-20 23:59:59 | AT62: 2026-02-20 23:59:59 | AU62: Drop off | AW62: 2026-02-21 23:59:59 | AX62: 2026-02-27 23:59:59 | AZ62: 2026-03-04 23:59:59 | BA62: 2026-02-28 23:59:59 | BK62: FOB | BL62: 526 | BM62: 64.51 | BN62: 8718 | BO62: 22923.6 | BP62: 22923.6 | BQ62: 22923.6 | BR62: 0 | BS62: 美元 | BT62: 2529 | BV62: ROME EXPRESS | BW62: 552E | BX62: 已申报 | BY62: 2025-12-27 21:02:04 | CG62: 263066766 | CH62: MAEU | CI62: MAEU263066766 | CJ62: MAEU263066766 | CP62: 2026-01-01 00:00:00 | CT62: 常规
A63: 否 | B63: AOSOM LLC | C63: 25DSA6040 | D63: 25DSA6040 | E63: 25DSA6040 | F63: 已出运 | G63: 已完成 | H63: 已提柜 | I63: SUDU6922158 | J63: 263351628 | K63: MAERSK | L63: 40HQ | M63: FFOZY8P35Y | N63: 否 | O63: 0 | P63: 丹戎帕拉帕斯 | Q63: 纽瓦克 | R63: MAERSK LOGISTICS & SERVICES VIETNAM COMPANY LIMITED | S63: New Jersey Warehouse Group | T63: 2026-02-16 07:00:00 | U63: 2026-02-16 07:00:00 | V63: 2026-01-15 00:00:00 | Y63: Sen Mart International Inc. | Z63: 否 | AA63: 全部生成 | AB63: 2026-02-13 20:04:36 | AF63: 2026-02-16 06:33:00 | AG63: 2026-02-16 23:25:00 | AH63: APM TERMINAL - BERTH 88 E425 | AJ63: 否 | AK63: 卡车 | AL63: JK EXPRESS USA INC | AM63: AOSOM NJ-1 | AN63: AOSOM NJ-1 | AO63: 2026-02-22 10:38:54 | AP63: 2026-02-19 23:59:59 | AQ63: 2026-02-19 12:06:00 | AR63: 2026-02-19 12:06:00 | AS63: 2026-02-19 12:06:00 | AT63: 2026-02-19 12:06:00 | AU63: Drop off | AW63: 2026-02-20 12:06:00 | AX63: 2026-02-22 00:00:00 | AZ63: 2026-03-02 23:59:59 | BA63: 2026-02-23 00:00:00 | BK63: FOB | BL63: 534 | BM63: 65.3 | BN63: 8822 | BO63: 23160.4 | BP63: 23160.4 | BQ63: 23160.4 | BR63: 0 | BS63: 美元 | BT63: 2665 | BV63: DORTMUND EXPRESS | BW63: 602E | BX63: 已申报 | BY63: 2026-01-05 21:01:55 | CG63: 263351628 | CH63: MAEU | CI63: MAEU263351628 | CJ63: MAEU263351628 | CM63: WMS已完成 | CN63: 已入库 | CO63: 2026-02-22 05:18:55 | CP63: 2026-01-15 00:00:00 | CT63: 常规
A64: 否 | B64: AOSOM LLC | C64: 25DSA6043 | D64: 25DSA6043 | E64: 25DSA6043 | F64: 已出运 | G64: 未清关 | H64: 已到中转港 | I64: MRKU5262054 | J64: 262766438 | K64: MAERSK | L64: 40HQ | N64: 是 | O64: 0 | P64: 厦门港 | Q64: 萨凡纳 | R64: 宁波天图翼联物流科技有限公司 | S64: Atlanta warehouse group | T64: 2026-03-06 07:00:00 | U64: 2026-03-06 07:00:00 | V64: 2026-01-03 00:00:00 | W64: 2026-03-03 23:59:59 | Y64: Sen Mart International Inc. | Z64: 否 | AA64: 全部传递 | AD64: 宁波 | AE64: 2026-01-12 16:52:00 | AJ64: 否 | AK64: 卡车 | AP64: 2026-03-11 23:59:59 | AZ64: 2026-03-17 23:59:59 | BK64: FOB | BL64: 747 | BM64: 68.35 | BN64: 10274 | BO64: 23191.29 | BP64: 23191.29 | BQ64: 23191.29 | BR64: 0 | BS64: 美元 | BT64: 2529 | BV64: SYNERGY BUSAN | BW64: 552N | BX64: 已申报 | BY64: 2025-12-26 21:01:26 | CD64: 2026-01-03 20:12:57 | CG64: 262766438 | CH64: MAEU | CI64: MAEU262766438 | CJ64: MAEU262766438 | CP64: 2026-01-30 00:00:00 | CT64: B2B：需换单
A65: 否 | B65: AOSOM LLC | C65: 25DSA6047 | D65: 25DSA6047 | E65: 25DSA6047 | F65: 已出运 | G65: 未清关 | H65: 已提柜 | I65: MSDU6463764 | J65: 177UBQBQN1A794A | K65: MSC | L65: 40HQ | N65: 否 | O65: 0 | P65: 宁波 | Q65: 长滩 | R65: 简达物流集团股份有限公司 | S65: Los warehouse group | T65: 2026-02-17 16:00:00 | U65: 2026-02-17 16:00:00 | V65: 2026-01-28 00:00:00 | Y65: Sen Mart International Inc. | Z65: 否 | AA65: 全部生成 | AB65: 2026-02-13 20:13:04 | AF65: 2026-02-17 04:09:02 | AG65: 2026-02-18 00:00:00 | AH65: LONG BEACH PIER T TERMINAL | AJ65: 否 | AK65: 卡车 | AL65: SHANGHAI FLYING FISH SUPPLY CHAIN TECHNOLOGY CO.,L | AM65: AOSOM CA-1 | AN65: AOSOM CA-1 | AO65: 2026-02-25 12:08:57 | AP65: 2026-02-23 23:59:59 | AQ65: 2026-02-24 00:00:00 | AR65: 2026-02-23 00:00:00 | AS65: 2026-02-24 00:00:00 | AT65: 2026-02-24 00:00:00 | AU65: Drop off | AW65: 2026-02-24 00:00:00 | AX65: 2026-02-24 00:00:00 | AZ65: 2026-03-18 23:59:59 | BA65: 2026-02-25 00:00:00 | BK65: CIF | BL65: 707 | BM65: 66.57 | BN65: 7570 | BO65: 14160.57 | BP65: 14160.57 | BQ65: 15906.49 | BR65: 1745.92 | BS65: 美元 | BT65: 1744 | BV65: MSC TRIESTE | BW65: GO604N | BX65: 已申报 | BY65: 2026-01-23 21:02:07 | CD65: 2026-01-28 20:02:47 | CG65: MEDUWT372960 | CH65: MEDU | CI65: MEDUWT372960 | CJ65: MEDUWT372960 | CM65: WMS已完成 | CN65: 已入库 | CO65: 2026-02-25 08:32:35 | CP65: 2026-01-27 00:00:00 | CT65: B2B：需换单
A66: 否 | B66: AOSOM LLC | C66: 25DSA6048 | D66: 25DSA6048 | E66: 25DSA6048 | F66: 已出运 | G66: 未清关 | H66: 已出运 | I66: CAAU6424936 | J66: 263670361 | K66: MAERSK | L66: 40HQ | N66: 否 | O66: 0 | P66: 福州 | Q66: 洛杉矶 | R66: 宁波天图翼联物流科技有限公司 | S66: Los warehouse group | T66: 2026-03-03 18:00:00 | U66: 2026-03-03 18:00:00 | V66: 2026-01-24 00:00:00 | Y66: Sen Mart International Inc. | Z66: 否 | AA66: 全部生成 | AB66: 2026-02-13 20:12:08 | AD66: 宁波 | AJ66: 否 | AK66: 卡车 | AL66: SHANGHAI FLYING FISH SUPPLY CHAIN TECHNOLOGY CO.,L | AM66: AOSOM CA-1 | AP66: 2026-03-06 23:59:59 | AQ66: 2026-03-04 00:00:00 | AS66: 2026-03-04 00:00:00 | AT66: 2026-03-04 00:00:00 | AU66: Drop off | AW66: 2026-03-04 00:00:00 | AX66: 2026-03-04 00:00:00 | AZ66: 2026-03-13 23:59:59 | BA66: 2026-03-05 00:00:00 | BK66: FOB | BL66: 938 | BM66: 69.11 | BN66: 20048.9 | BO66: 27020.57 | BP66: 27020.57 | BQ66: 27020.57 | BR66: 0 | BS66: 美元 | BT66: 1829 | BV66: XIN MING ZHOU 96 | BW66: 26504N | BX66: 已申报 | BY66: 2026-01-20 21:02:04 | CD66: 2026-01-24 20:03:23 | CG66: 263670361 | CH66: MAEU | CI66: MAEU263670361 | CJ66: MAEU263670361 | CP66: 2026-02-02 00:00:00 | CT66: B2B：需换单
A67: 否 | B67: AOSOM LLC | C67: 25DSA6049 | D67: 25DSA6049 | E67: 25DSA6049 | F67: 已出运 | G67: 未清关 | H67: 已出运 | I67: TEXU9546162 | J67: 263670260 | K67: MAERSK | L67: 40HQ | N67: 否 | O67: 0 | P67: 福州 | Q67: 洛杉矶 | R67: 宁波天图翼联物流科技有限公司 | S67: Los warehouse group | T67: 2026-03-03 18:00:00 | U67: 2026-03-03 18:00:00 | V67: 2026-01-24 00:00:00 | Y67: Sen Mart International Inc. | Z67: 否 | AA67: 全部生成 | AB67: 2026-02-13 20:12:09 | AD67: 宁波 | AJ67: 否 | AK67: 卡车 | AL67: SHANGHAI FLYING FISH SUPPLY CHAIN TECHNOLOGY CO.,L | AM67: AOSOM CA-1 | AP67: 2026-03-06 23:59:59 | AQ67: 2026-03-04 00:00:00 | AS67: 2026-03-04 00:00:00 | AT67: 2026-03-04 00:00:00 | AU67: Drop off | AW67: 2026-03-04 00:00:00 | AX67: 2026-03-04 00:00:00 | AZ67: 2026-03-13 23:59:59 | BA67: 2026-03-05 00:00:00 | BK67: FOB | BL67: 1041 | BM67: 66.93 | BN67: 11326.7 | BO67: 19076.38 | BP67: 19076.38 | BQ67: 19076.38 | BR67: 0 | BS67: 美元 | BT67: 1829 | BV67: XIN MING ZHOU 96 | BW67: 26504N | BX67: 已申报 | BY67: 2026-01-20 21:02:04 | CD67: 2026-01-24 20:03:23 | CG67: 263670260 | CH67: MAEU | CI67: MAEU263670260 | CJ67: MAEU263670260 | CP67: 2026-02-02 00:00:00 | CT67: B2B：需换单
A68: 否 | B68: AOSOM LLC | C68: 25DSA6051 | D68: 25DSA6051 | E68: 25DSA6051 | F68: 已出运 | G68: 未清关 | H68: 已到目的港 | I68: MRSU9475512 | J68: 264862418 | K68: MAERSK | L68: 40HQ | N68: 否 | O68: 0 | P68: 青岛 | Q68: 洛杉矶 | R68: 宁波天图翼联物流科技有限公司 | S68: Los warehouse group | T68: 2026-02-26 08:00:00 | U68: 2026-02-26 08:00:00 | V68: 2026-01-24 00:00:00 | Y68: Sen Mart International Inc. | Z68: 否 | AA68: 全部生成 | AB68: 2026-02-13 20:12:09 | AD68: 釜山 | AE68: 2026-01-26 18:00:00 | AF68: 2026-02-26 12:06:00 | AJ68: 否 | AK68: 卡车 | AL68: SHANGHAI FLYING FISH SUPPLY CHAIN TECHNOLOGY CO.,L | AM68: AOSOM CA-1 | AP68: 2026-03-03 23:59:59 | AQ68: 2026-02-26 00:00:00 | AS68: 2026-02-26 00:00:00 | AT68: 2026-02-26 00:00:00 | AU68: Drop off | AW68: 2026-02-26 00:00:00 | AX68: 2026-02-26 00:00:00 | AZ68: 2026-03-09 23:59:59 | BA68: 2026-02-27 00:00:00 | BK68: FOB | BL68: 780 | BM68: 67.19 | BN68: 13178 | BO68: 28941.4 | BP68: 28941.4 | BQ68: 28941.4 | BR68: 0 | BS68: 美元 | BT68: 1639 | BV68: GEORG MAERSK | BW68: 604E | BX68: 已申报 | BY68: 2026-01-20 21:02:04 | CD68: 2026-01-26 20:02:30 | CG68: 264862418 | CH68: MAEU | CI68: MAEU264862418 | CJ68: MAEU264862418 | CP68: 2026-02-05 00:00:00 | CT68: B2B：需换单
A69: 否 | B69: AOSOM LLC | C69: 25DSA6068 | D69: 25DSA6068 | E69: 25DSA6068 | F69: 已出运 | G69: 未清关 | H69: 已提柜 | I69: MSMU6515458 | J69: 1811M026PE21055B2 | K69: MSC | L69: 40HQ | N69: 否 | O69: 0 | P69: 福州 | Q69: 长滩 | R69: 宁波天图翼联物流科技有限公司 | S69: Los warehouse group | T69: 2026-02-22 16:00:00 | U69: 2026-02-22 16:00:00 | V69: 2026-01-30 00:00:00 | Y69: Sen Mart International Inc. | Z69: 否 | AA69: 全部生成 | AB69: 2026-02-13 17:34:12 | AD69: 厦门,福建 | AF69: 2026-02-22 12:01:14 | AG69: 2026-02-23 00:00:00 | AH69: LONG BEACH PIER T TERMINAL | AJ69: 否 | AK69: 卡车 | AL69: SHANGHAI FLYING FISH SUPPLY CHAIN TECHNOLOGY CO.,L | AM69: AOSOM CA-1 | AP69: 2026-02-26 23:59:59 | AQ69: 2026-02-24 00:00:00 | AR69: 2026-02-26 00:00:00 | AS69: 2026-02-24 00:00:00 | AT69: 2026-02-24 00:00:00 | AU69: Drop off | AW69: 2026-02-24 00:00:00 | AX69: 2026-02-24 00:00:00 | AZ69: 2026-03-23 23:59:59 | BA69: 2026-02-25 00:00:00 | BK69: FOB | BL69: 723 | BM69: 68.91 | BN69: 19761.2 | BO69: 28203.2 | BP69: 28203.2 | BQ69: 28203.2 | BR69: 0 | BS69: 美元 | BT69: 1864 | BV69: TUO YUAN | BW69: 583K | BX69: 已申报 | BY69: 2026-01-26 21:02:25 | CD69: 2026-01-31 20:01:34 | CG69: MEDUF3557727 | CH69: MEDU | CI69: MEDUF3557727 | CJ69: MEDUF3557727 | CP69: 2026-02-04 00:00:00 | CS69: Y | CT69: B2B：需换单
A70: 否 | B70: AOSOM LLC | C70: 25DSA6069 | D70: 25DSA6069 | E70: 25DSA6069 | F70: 已出运 | G70: 已完成 | H70: 已提柜 | I70: MRSU6299050 | J70: 263605951 | K70: MAERSK | L70: 40HQ | N70: 否 | O70: 0 | P70: 福州 | Q70: 洛杉矶 | R70: 宁波天图翼联物流科技有限公司 | S70: Los warehouse group | T70: 2026-02-19 00:00:00 | U70: 2026-02-19 00:00:00 | V70: 2026-01-10 00:00:00 | W70: 2026-02-08 23:59:59 | Y70: Sen Mart International Inc. | Z70: 否 | AA70: 部分生成 | AD70: 宁波 | AF70: 2026-02-18 10:15:00 | AG70: 2026-02-20 02:20:00 | AH70: APM TERMINALS LOS ANGELES PIER 400 | AI70: 2026-02-24 23:59:59 | AJ70: 否 | AK70: 卡车 | AL70: SHANGHAI FLYING FISH SUPPLY CHAIN TECHNOLOGY CO.,L | AM70: AOSOM CA-1 | AP70: 2026-02-24 23:59:59 | AQ70: 2026-02-24 00:00:00 | AR70: 2026-02-24 17:44:26 | AS70: 2026-02-24 00:00:00 | AT70: 2026-02-24 00:00:00 | AU70: Drop off | AW70: 2026-02-24 00:00:00 | AX70: 2026-02-24 00:00:00 | AZ70: 2026-03-05 23:59:59 | BA70: 2026-02-25 00:00:00 | BK70: FOB | BL70: 752 | BM70: 64.55 | BN70: 18573.42 | BO70: 27986.22 | BP70: 27986.22 | BQ70: 27986.22 | BR70: 0 | BS70: 美元 | BT70: 1829 | BV70: XIN MING ZHOU 96 | BW70: 26502N | BX70: 已申报 | BY70: 2026-01-07 21:01:49 | CD70: 2026-01-11 20:24:20 | CG70: 263605951 | CH70: MAEU | CI70: MAEU263605951 | CJ70: MAEU263605951 | CP70: 2026-01-26 00:00:00 | CT70: B2B：需换单
A71: 否 | B71: AOSOM LLC | C71: 25DSA6070 | D71: 25DSA6070 | E71: 25DSA6070 | F71: 已出运 | G71: 已完成 | H71: 已提柜 | I71: MRSU3357298 | J71: 263605946 | K71: MAERSK | L71: 40HQ | N71: 否 | O71: 0 | P71: 福州 | Q71: 洛杉矶 | R71: 宁波天图翼联物流科技有限公司 | S71: Los warehouse group | T71: 2026-02-19 00:00:00 | U71: 2026-02-19 00:00:00 | V71: 2026-01-10 00:00:00 | W71: 2026-02-08 23:59:59 | Y71: SODARISE INC | Z71: 否 | AA71: 部分生成 | AD71: 宁波 | AF71: 2026-02-18 10:15:00 | AG71: 2026-02-19 14:56:00 | AH71: APM TERMINALS LOS ANGELES PIER 400 | AI71: 2026-02-24 23:59:59 | AJ71: 否 | AK71: 卡车 | AL71: SHANGHAI FLYING FISH SUPPLY CHAIN TECHNOLOGY CO.,L | AM71: AOSOM CA-1 | AN71: AOSOM CA-1 | AO71: 2026-02-26 15:39:32 | AP71: 2026-02-24 23:59:59 | AQ71: 2026-02-24 00:00:00 | AR71: 2026-02-24 17:45:23 | AS71: 2026-02-24 00:00:00 | AT71: 2026-02-24 00:00:00 | AU71: Drop off | AW71: 2026-02-24 00:00:00 | AX71: 2026-02-25 00:00:00 | AZ71: 2026-03-05 23:59:59 | BA71: 2026-02-26 00:00:00 | BK71: FOB | BL71: 717 | BM71: 67.68 | BN71: 16513.05 | BO71: 24151.34 | BP71: 24151.34 | BQ71: 24151.34 | BR71: 0 | BS71: 美元 | BT71: 1829 | BV71: XIN MING ZHOU 96 | BW71: 26502N | BX71: 已申报 | BY71: 2026-01-07 21:01:49 | CD71: 2026-01-11 20:24:21 | CG71: 263605946 | CH71: MAEU | CI71: MAEU263605946 | CJ71: MAEU263605946 | CM71: WMS已完成 | CN71: 已入库 | CO71: 2026-02-26 13:34:45 | CP71: 2026-01-26 00:00:00 | CT71: B2B：需换单
A72: 否 | B72: AOSOM LLC | C72: 25DSA6071 | D72: 25DSA6071 | E72: 25DSA6071 | F72: 已出运 | G72: 已完成 | H72: 已提柜 | I72: CAAU6398884 | J72: 263605937 | K72: MAERSK | L72: 40HQ | N72: 否 | O72: 0 | P72: 福州 | Q72: 洛杉矶 | R72: 宁波天图翼联物流科技有限公司 | S72: Los warehouse group | T72: 2026-02-19 00:00:00 | U72: 2026-02-19 00:00:00 | V72: 2026-01-10 00:00:00 | W72: 2026-02-08 23:59:59 | Y72: Sen Mart International Inc. | Z72: 否 | AA72: 部分生成 | AD72: 宁波 | AF72: 2026-02-18 10:15:00 | AG72: 2026-02-20 02:16:00 | AH72: APM TERMINALS LOS ANGELES PIER 400 | AI72: 2026-02-24 23:59:59 | AJ72: 否 | AK72: 卡车 | AL72: SHANGHAI FLYING FISH SUPPLY CHAIN TECHNOLOGY CO.,L | AM72: AOSOM CA-1 | AP72: 2026-02-24 23:59:59 | AQ72: 2026-02-24 00:00:00 | AR72: 2026-02-24 17:46:38 | AS72: 2026-02-24 00:00:00 | AT72: 2026-02-24 00:00:00 | AU72: Drop off | AW72: 2026-02-24 00:00:00 | AX72: 2026-02-24 00:00:00 | AZ72: 2026-03-05 23:59:59 | BA72: 2026-02-25 00:00:00 | BK72: FOB | BL72: 880 | BM72: 67.65 | BN72: 18665.1 | BO72: 28049.6 | BP72: 28049.6 | BQ72: 28049.6 | BR72: 0 | BS72: 美元 | BT72: 1829 | BV72: XIN MING ZHOU 96 | BW72: 26502N | BX72: 已申报 | BY72: 2026-01-07 21:01:50 | CD72: 2026-01-11 20:24:21 | CG72: 263605937 | CH72: MAEU | CI72: MAEU263605937 | CJ72: MAEU263605937 | CP72: 2026-01-26 00:00:00 | CT72: B2B：需换单
A73: 否 | B73: AOSOM LLC | C73: 25DSA6072 | D73: 25DSA6072 | E73: 25DSA6072 | F73: 已出运 | G73: 未清关 | H73: 已到目的港 | I73: GCXU5599790 | J73: 263605969 | K73: MAERSK | L73: 40HQ | N73: 否 | O73: 0 | P73: 福州 | Q73: 洛杉矶 | R73: 宁波天图翼联物流科技有限公司 | S73: Los warehouse group | T73: 2026-02-25 23:59:00 | U73: 2026-02-25 23:59:00 | V73: 2026-01-17 00:00:00 | W73: 2026-02-08 23:59:59 | Y73: Sen Mart International Inc. | Z73: 否 | AA73: 全部生成 | AB73: 2026-02-13 20:08:08 | AD73: 宁波 | AF73: 2026-02-25 21:40:00 | AJ73: 否 | AK73: 卡车 | AL73: SHANGHAI FLYING FISH SUPPLY CHAIN TECHNOLOGY CO.,L | AM73: AOSOM CA-1 | AP73: 2026-03-02 23:59:59 | AQ73: 2026-02-27 00:00:00 | AS73: 2026-02-27 00:00:00 | AT73: 2026-02-27 00:00:00 | AU73: Drop off | AW73: 2026-02-27 00:00:00 | AX73: 2026-02-27 00:00:00 | AZ73: 2026-03-10 23:59:59 | BA73: 2026-03-02 00:00:00 | BK73: FOB | BL73: 631 | BM73: 65.5 | BN73: 18303 | BO73: 25837.81 | BP73: 25837.81 | BQ73: 25837.81 | BR73: 0 | BS73: 美元 | BT73: 1829 | BV73: XIN MING ZHOU 96 | BW73: 26503N | BX73: 已申报 | BY73: 2026-01-13 21:02:12 | CD73: 2026-01-17 19:53:29 | CG73: 263605969 | CH73: MAEU | CI73: MAEU263605969 | CJ73: MAEU263605969 | CP73: 2026-01-26 00:00:00 | CS73: Y | CT73: B2B：需换单
A74: 否 | B74: AOSOM LLC | C74: 25DSA6073 | D74: 25DSA6073 | E74: 25DSA6073 | F74: 已出运 | G74: 未清关 | H74: 已到目的港 | I74: HASU4405826 | J74: 263605967 | K74: MAERSK | L74: 40HQ | N74: 否 | O74: 0 | P74: 福州 | Q74: 洛杉矶 | R74: 宁波天图翼联物流科技有限公司 | S74: Los warehouse group | T74: 2026-02-25 23:59:00 | U74: 2026-02-25 23:59:00 | V74: 2026-01-17 00:00:00 | W74: 2026-02-08 23:59:59 | Y74: SODARISE INC | Z74: 否 | AA74: 全部生成 | AB74: 2026-02-13 20:08:09 | AD74: 宁波 | AF74: 2026-02-25 21:40:00 | AJ74: 否 | AK74: 卡车 | AL74: SHANGHAI FLYING FISH SUPPLY CHAIN TECHNOLOGY CO.,L | AM74: AOSOM CA-1 | AP74: 2026-03-02 23:59:59 | AQ74: 2026-02-27 00:00:00 | AS74: 2026-02-27 00:00:00 | AT74: 2026-02-27 00:00:00 | AU74: Drop off | AW74: 2026-02-27 00:00:00 | AX74: 2026-02-27 00:00:00 | AZ74: 2026-03-10 23:59:59 | BA74: 2026-03-02 00:00:00 | BK74: FOB | BL74: 728 | BM74: 70.08 | BN74: 17287.7 | BO74: 25463.76 | BP74: 25463.76 | BQ74: 25463.76 | BR74: 0 | BS74: 美元 | BT74: 1829 | BV74: XIN MING ZHOU 96 | BW74: 26503N | BX74: 已申报 | BY74: 2026-01-13 21:02:12 | CD74: 2026-01-17 19:53:30 | CG74: 263605967 | CH74: MAEU | CI74: MAEU263605967 | CJ74: MAEU263605967 | CP74: 2026-01-26 00:00:00 | CT74: B2B：需换单
A75: 否 | B75: AOSOM LLC | C75: 25DSA6074 | D75: 25DSA6074 | E75: 25DSA6074 | F75: 已出运 | G75: 未清关 | H75: 已到目的港 | I75: MSKU0627486 | J75: 263605961 | K75: MAERSK | L75: 40HQ | N75: 否 | O75: 0 | P75: 福州 | Q75: 洛杉矶 | R75: 宁波天图翼联物流科技有限公司 | S75: Los warehouse group | T75: 2026-02-25 23:59:00 | U75: 2026-02-25 23:59:00 | V75: 2026-01-17 00:00:00 | W75: 2026-02-08 23:59:59 | Y75: Sen Mart International Inc. | Z75: 否 | AA75: 全部生成 | AB75: 2026-02-13 20:08:09 | AD75: 宁波 | AF75: 2026-02-25 21:40:00 | AJ75: 否 | AK75: 卡车 | AL75: SHANGHAI FLYING FISH SUPPLY CHAIN TECHNOLOGY CO.,L | AM75: AOSOM CA-1 | AP75: 2026-03-02 23:59:59 | AQ75: 2026-02-27 00:00:00 | AS75: 2026-02-27 00:00:00 | AT75: 2026-02-27 00:00:00 | AU75: Drop off | AW75: 2026-02-27 00:00:00 | AX75: 2026-02-27 00:00:00 | AZ75: 2026-03-10 23:59:59 | BA75: 2026-03-02 00:00:00 | BK75: FOB | BL75: 658 | BM75: 80.92 | BN75: 20231 | BO75: 23338.28 | BP75: 23338.28 | BQ75: 23338.28 | BR75: 0 | BS75: 美元 | BT75: 1829 | BV75: XIN MING ZHOU 96 | BW75: 26503N | BX75: 已申报 | BY75: 2026-01-13 21:02:13 | CD75: 2026-01-17 19:53:30 | CG75: 263605961 | CH75: MAEU | CI75: MAEU263605961 | CJ75: MAEU263605961 | CP75: 2026-01-26 00:00:00 | CS75: Y | CT75: B2B：需换单
A76: 否 | B76: AOSOM LLC | C76: 25DSA6088 | D76: 25DSA6088 | E76: 25DSA6088 | F76: 已出运 | G76: 已完成 | H76: 已还箱 | I76: MEDU4699178 | J76: 177WBQBQN0A897A | K76: MSC | L76: 40HQ | N76: 否 | O76: 0 | P76: 宁波 | Q76: 纽约 | R76: 简达物流集团股份有限公司 | S76: New Jersey Warehouse Group | T76: 2026-02-14 00:00:00 | U76: 2026-02-14 00:00:00 | V76: 2026-01-10 00:00:00 | Y76: Sen Mart International Inc. | Z76: 否 | AA76: 部分生成 | AF76: 2026-02-15 21:42:39 | AG76: 2026-02-16 00:00:00 | AH76: PORT NEWARK CONTAINER TERMINAL | AI76: 2026-02-20 23:59:59 | AJ76: 否 | AK76: 卡车 | AL76: SHANGHAI FLYING FISH SUPPLY CHAIN TECHNOLOGY CO.,L | AM76: AOSOM NJ-1 | AN76: AOSOM NJ-1 | AO76: 2026-02-20 06:39:14 | AP76: 2026-02-20 23:59:59 | AQ76: 2026-02-15 21:10:35 | AR76: 2026-02-18 00:00:00 | AS76: 2026-02-15 21:10:35 | AT76: 2026-02-15 21:10:35 | AU76: Drop off | AW76: 2026-02-16 21:10:35 | AX76: 2026-02-17 00:00:00 | AZ76: 2026-03-13 23:59:59 | BA76: 2026-02-18 00:00:00 | BB76: 2026-02-20 00:00:00 | BK76: CIF | BL76: 309 | BM76: 63.12 | BN76: 11789 | BO76: 26519.56 | BP76: 26519.56 | BQ76: 29409.12 | BR76: 2889.56 | BS76: 美元 | BT76: 2886 | BV76: MSC MUMBAI VIII | BW76: GE601E | BX76: 已申报 | BY76: 2026-01-05 21:01:57 | CD76: 2026-01-10 20:21:13 | CG76: MEDUKY788581 | CH76: MEDU | CI76: MEDUKY788581 | CJ76: MEDUKY788581 | CM76: WMS已完成 | CN76: 已入库 | CO76: 2026-02-19 11:20:49 | CP76: 2026-01-12 00:00:00 | CT76: B2B：需换单
A77: 否 | B77: AOSOM LLC | C77: 25DSA6089 | D77: 25DSA6089 | E77: 25DSA6089 | F77: 已出运 | G77: 已完成 | H77: 已还箱 | I77: TGCU5145095 | J77: 177WBQBQN0A896A | K77: MSC | L77: 40HQ | N77: 否 | O77: 0 | P77: 宁波 | Q77: 纽约 | R77: 简达物流集团股份有限公司 | S77: New Jersey Warehouse Group | T77: 2026-02-14 00:00:00 | U77: 2026-02-14 00:00:00 | V77: 2026-01-10 00:00:00 | Y77: Sen Mart International Inc. | Z77: 否 | AA77: 部分生成 | AF77: 2026-02-15 21:42:39 | AG77: 2026-02-16 00:00:00 | AH77: PORT NEWARK CONTAINER TERMINAL | AI77: 2026-02-20 23:59:59 | AJ77: 否 | AK77: 卡车 | AL77: SHANGHAI FLYING FISH SUPPLY CHAIN TECHNOLOGY CO.,L | AM77: AOSOM NJ-1 | AN77: AOSOM NJ-1 | AO77: 2026-02-22 11:39:03 | AP77: 2026-02-20 23:59:59 | AQ77: 2026-02-19 00:00:00 | AR77: 2026-02-19 00:00:00 | AS77: 2026-02-19 00:00:00 | AT77: 2026-02-19 00:00:00 | AU77: Drop off | AW77: 2026-02-20 00:00:00 | AX77: 2026-02-22 00:00:00 | AZ77: 2026-03-16 23:59:59 | BA77: 2026-02-23 00:00:00 | BB77: 2026-02-26 00:00:00 | BH77: 2026-02-22 12:00:18 | BK77: CIF | BL77: 614 | BM77: 65.83 | BN77: 15348.4 | BO77: 30483.62 | BP77: 30483.62 | BQ77: 33373.66 | BR77: 2890.04 | BS77: 美元 | BT77: 2886 | BV77: MSC MUMBAI VIII | BW77: GE601E | BX77: 已申报 | BY77: 2026-01-05 21:01:57 | CD77: 2026-01-10 20:21:13 | CG77: MEDUKY788557 | CH77: MEDU | CI77: MEDUKY788557 | CJ77: MEDUKY788557 | CM77: WMS已完成 | CN77: 已入库 | CO77: 2026-02-22 06:08:31 | CP77: 2026-01-12 00:00:00 | CT77: B2B：需换单
A78: 否 | B78: AOSOM LLC | C78: 25DSA6090 | D78: 25DSA6090 | E78: 25DSA6090 | F78: 已出运 | G78: 已完成 | H78: 已还箱 | I78: MSDU8731790 | J78: 177WBQBQN0A895A | K78: MSC | L78: 40HQ | N78: 否 | O78: 0 | P78: 宁波 | Q78: 纽约 | R78: 简达物流集团股份有限公司 | S78: New Jersey Warehouse Group | T78: 2026-02-14 00:00:00 | U78: 2026-02-14 00:00:00 | V78: 2026-01-10 00:00:00 | Y78: Sen Mart International Inc. | Z78: 否 | AA78: 部分生成 | AF78: 2026-02-15 21:42:39 | AG78: 2026-02-16 00:00:00 | AH78: PORT NEWARK CONTAINER TERMINAL | AI78: 2026-02-20 23:59:59 | AJ78: 否 | AK78: 卡车 | AL78: JK EXPRESS USA INC | AM78: AOSOM NJ-1 | AN78: AOSOM NJ-1 | AO78: 2026-02-25 08:09:10 | AP78: 2026-02-20 23:59:59 | AQ78: 2026-02-19 00:00:00 | AR78: 2026-02-19 00:00:00 | AS78: 2026-02-19 00:00:00 | AT78: 2026-02-19 00:00:00 | AU78: Drop off | AW78: 2026-02-20 00:00:00 | AX78: 2026-02-26 00:00:00 | AZ78: 2026-03-16 23:59:59 | BA78: 2026-02-27 00:00:00 | BB78: 2026-02-26 00:00:00 | BK78: CIF | BL78: 1100 | BM78: 63.54 | BN78: 8447.2 | BO78: 26324.04 | BP78: 26324.04 | BQ78: 29213.56 | BR78: 2889.53 | BS78: 美元 | BT78: 2886 | BV78: MSC MUMBAI VIII | BW78: GE601E | BX78: 已申报 | BY78: 2026-01-05 21:01:57 | CD78: 2026-01-10 20:21:14 | CG78: MEDUKY788524 | CH78: MEDU | CI78: MEDUKY788524 | CJ78: MEDUKY788524 | CM78: WMS已完成 | CN78: 已入库 | CO78: 2026-02-24 06:47:52 | CP78: 2026-01-12 00:00:00 | CT78: B2B：需换单
A79: 否 | B79: AOSOM LLC | C79: 25DSA6091 | D79: 25DSA6091 | E79: 25DSA6091 | F79: 已出运 | G79: 已完成 | H79: 已提柜 | I79: MSMU6873153 | J79: 177WBQBQN0A894A | K79: MSC | L79: 40HQ | N79: 否 | O79: 0 | P79: 宁波 | Q79: 纽约 | R79: 简达物流集团股份有限公司 | S79: New Jersey Warehouse Group | T79: 2026-02-14 00:00:00 | U79: 2026-02-14 00:00:00 | V79: 2026-01-10 00:00:00 | Y79: Sen Mart International Inc. | Z79: 否 | AA79: 部分生成 | AF79: 2026-02-15 21:42:39 | AG79: 2026-02-16 00:00:00 | AH79: PORT NEWARK CONTAINER TERMINAL | AI79: 2026-02-20 23:59:59 | AJ79: 否 | AK79: 卡车 | AL79: JK EXPRESS USA INC | AM79: AOSOM NJ-1 | AN79: AOSOM NJ-1 | AO79: 2026-02-25 05:40:04 | AP79: 2026-02-20 23:59:59 | AQ79: 2026-02-20 00:00:00 | AR79: 2026-02-20 00:00:00 | AS79: 2026-02-20 00:00:00 | AT79: 2026-02-20 00:00:00 | AU79: Drop off | AW79: 2026-02-21 00:00:00 | AX79: 2026-02-26 00:00:00 | AZ79: 2026-03-17 23:59:59 | BA79: 2026-02-27 00:00:00 | BK79: CIF | BL79: 724 | BM79: 64.3 | BN79: 6796.8 | BO79: 13521.42 | BP79: 13521.42 | BQ79: 16409.41 | BR79: 2887.99 | BS79: 美元 | BT79: 2886 | BV79: MSC MUMBAI VIII | BW79: GE601E | BX79: 已申报 | BY79: 2026-01-05 21:01:58 | CD79: 2026-01-10 20:21:14 | CG79: MEDUKY788482 | CH79: MEDU | CI79: MEDUKY788482 | CJ79: MEDUKY788482 | CM79: WMS已完成 | CN79: 已入库 | CO79: 2026-02-24 08:42:20 | CP79: 2026-01-12 00:00:00 | CT79: B2B：需换单
A80: 否 | B80: AOSOM LLC | C80: 25DSA6092 | D80: 25DSA6092 | E80: 25DSA6092 | F80: 已出运 | G80: 已完成 | H80: 已提柜 | I80: MEDU4417783 | J80: 177WBQBQN0A893A | K80: MSC | L80: 40HQ | N80: 否 | O80: 0 | P80: 宁波 | Q80: 纽约 | R80: 简达物流集团股份有限公司 | S80: New Jersey Warehouse Group | T80: 2026-02-14 00:00:00 | U80: 2026-02-14 00:00:00 | V80: 2026-01-10 00:00:00 | Y80: Sen Mart International Inc. | Z80: 否 | AA80: 部分生成 | AF80: 2026-02-15 21:42:39 | AG80: 2026-02-16 00:00:00 | AH80: PORT NEWARK CONTAINER TERMINAL | AI80: 2026-02-20 23:59:59 | AJ80: 否 | AK80: 卡车 | AL80: JK EXPRESS USA INC | AM80: AOSOM NJ-1 | AN80: AOSOM NJ-1 | AO80: 2026-02-25 10:09:23 | AP80: 2026-02-20 23:59:59 | AQ80: 2026-02-20 00:00:00 | AR80: 2026-02-20 00:00:00 | AS80: 2026-02-20 00:00:00 | AT80: 2026-02-20 00:00:00 | AU80: Drop off | AW80: 2026-02-21 00:00:00 | AX80: 2026-02-26 00:00:00 | AZ80: 2026-03-17 23:59:59 | BA80: 2026-02-27 00:00:00 | BK80: CIF | BL80: 1174 | BM80: 65.47 | BN80: 14021.5 | BO80: 26978.17 | BP80: 26978.17 | BQ80: 29867.79 | BR80: 2889.61 | BS80: 美元 | BT80: 2886 | BV80: MSC MUMBAI VIII | BW80: GE601E | BX80: 已申报 | BY80: 2026-01-05 21:01:58 | CD80: 2026-01-10 20:21:15 | CG80: MEDUKY788466 | CH80: MEDU | CI80: MEDUKY788466 | CJ80: MEDUKY788466 | CM80: WMS已完成 | CN80: 已入库 | CO80: 2026-02-25 04:10:24 | CP80: 2026-01-12 00:00:00 | CT80: B2B：需换单
A81: 否 | B81: AOSOM LLC | C81: 25DSA6093 | D81: 25DSA6093 | E81: 25DSA6093 | F81: 已出运 | G81: 已完成 | H81: 已提柜 | I81: MSMU8929328 | J81: 177WBQBQN0A892A | K81: MSC | L81: 40HQ | N81: 否 | O81: 0 | P81: 宁波 | Q81: 纽约 | R81: 简达物流集团股份有限公司 | S81: New Jersey Warehouse Group | T81: 2026-02-14 00:00:00 | U81: 2026-02-14 00:00:00 | V81: 2026-01-10 00:00:00 | Y81: SODARISE INC | Z81: 否 | AA81: 部分生成 | AF81: 2026-02-15 21:42:39 | AG81: 2026-02-16 00:00:00 | AH81: PORT NEWARK CONTAINER TERMINAL | AI81: 2026-02-20 23:59:59 | AJ81: 否 | AK81: 卡车 | AL81: JK EXPRESS USA INC | AM81: AOSOM NJ-1 | AN81: AOSOM NJ-1 | AO81: 2026-02-25 05:40:07 | AP81: 2026-02-20 23:59:59 | AQ81: 2026-02-20 00:00:00 | AR81: 2026-02-20 00:00:00 | AS81: 2026-02-20 00:00:00 | AT81: 2026-02-20 00:00:00 | AU81: Drop off | AW81: 2026-02-21 00:00:00 | AX81: 2026-02-26 00:00:00 | AZ81: 2026-03-17 23:59:59 | BA81: 2026-02-27 00:00:00 | BK81: CIF | BL81: 913 | BM81: 65.14 | BN81: 8213.5 | BO81: 21404.77 | BP81: 21404.77 | BQ81: 24293.72 | BR81: 2888.94 | BS81: 美元 | BT81: 2886 | BV81: MSC MUMBAI VIII | BW81: GE601E | BX81: 已申报 | BY81: 2026-01-06 21:01:39 | CD81: 2026-01-10 20:21:24 | CG81: MEDUKY788441 | CH81: MEDU | CI81: MEDUKY788441 | CJ81: MEDUKY788441 | CM81: WMS已完成 | CN81: 已入库 | CO81: 2026-02-24 12:30:10 | CP81: 2026-01-12 00:00:00 | CT81: B2B：需换单
A82: 否 | B82: AOSOM LLC | C82: 25DSA6094 | D82: 25DSA6094 | E82: 25DSA6094 | F82: 已出运 | G82: 未清关 | H82: 已出运 | I82: MIEU2034148 | J82: 263605929 | K82: MAERSK | L82: 40HQ | N82: 是 | O82: 0 | P82: 福州 | Q82: 萨凡纳 | R82: 宁波天图翼联物流科技有限公司 | S82: Atlanta warehouse group | T82: 2026-03-12 19:00:00 | U82: 2026-03-12 19:00:00 | V82: 2026-01-14 00:00:00 | W82: 2026-03-10 23:59:59 | Y82: Sen Mart International Inc. | Z82: 否 | AA82: 全部传递 | AD82: 宁波 | AJ82: 否 | AK82: 卡车 | AP82: 2026-03-17 23:59:59 | AZ82: 2026-03-23 23:59:59 | BK82: FOB | BL82: 778 | BM82: 65.73 | BN82: 18645.9 | BO82: 25582.07 | BP82: 25582.07 | BQ82: 25582.07 | BR82: 0 | BS82: 美元 | BT82: 2859 | BV82: XIN MING ZHOU 90 | BW82: 26503N | BX82: 未申报 | BY82: 2026-01-09 21:26:01 | CD82: 2026-01-14 20:24:58 | CG82: 263605929 | CH82: MAEU | CI82: MAEU263605929 | CJ82: MAEU263605929 | CP82: 2026-01-30 00:00:00 | CT82: B2B：需换单
A83: 否 | B83: AOSOM LLC | C83: 25DSA6095 | D83: 25DSA6095 | E83: 25DSA6095 | F83: 已出运 | G83: 未清关 | H83: 已卸船/火车 | I83: MSNU5178675 | J83: 177WBQBQN0A891A | K83: MSC | L83: 40HQ | N83: 否 | O83: 0 | P83: 宁波 | Q83: 萨凡纳 | R83: 简达物流集团股份有限公司 | S83: Atlanta warehouse group | T83: 2026-02-25 00:00:00 | U83: 2026-02-25 00:00:00 | V83: 2026-01-20 00:00:00 | W83: 2026-02-18 23:59:59 | Y83: SODARISE INC | Z83: 否 | AA83: 全部生成 | AB83: 2026-02-13 20:10:57 | AD83: 乍浦港,平湖,嘉兴,浙江 | AF83: 2026-02-24 19:01:39 | AG83: 2026-02-25 00:00:00 | AH83: GARDEN CITY TERMINAL | AJ83: 否 | AK83: 卡车 | AL83: LFT TRANSPORTATION INC | AM83: AOSOM GA-1 | AP83: 2026-03-02 23:59:59 | AQ83: 2026-02-26 23:59:59 | AS83: 2026-02-26 23:59:59 | AT83: 2026-02-26 23:59:59 | AU83: Drop off | AW83: 2026-02-27 23:59:59 | AX83: 2026-03-02 23:59:59 | AZ83: 2026-03-23 23:59:59 | BA83: 2026-03-03 23:59:59 | BK83: CIF | BL83: 545 | BM83: 69.46 | BN83: 13692.5 | BO83: 54478.55 | BP83: 54478.55 | BQ83: 57371.49 | BR83: 2892.94 | BS83: 美元 | BT83: 2886 | BV83: ZIM MOUNT VINSON | BW83: 9E | BX83: 已申报 | BY83: 2026-01-16 21:02:34 | CD83: 2026-01-20 19:58:28 | CG83: MEDUKY789209 | CH83: MEDU | CI83: MEDUKY789209 | CJ83: MEDUKY789209 | CP83: 2026-01-20 00:00:00 | CT83: B2B：需换单
A84: 否 | B84: AOSOM LLC | C84: 25DSA6096 | D84: 25DSA6096 | E84: 25DSA6096 | F84: 已出运 | G84: 未清关 | H84: 已出运 | I84: MEDU4819761 | J84: 177WBQBQN0A890A | K84: MSC | L84: 40HQ | N84: 否 | O84: 0 | P84: 宁波 | Q84: 萨凡纳 | R84: 简达物流集团股份有限公司 | S84: Atlanta warehouse group | T84: 2026-03-07 00:00:00 | U84: 2026-03-07 00:00:00 | V84: 2026-01-20 00:00:00 | W84: 2026-02-25 23:59:59 | Y84: Sen Mart International Inc. | Z84: 否 | AA84: 全部传递 | AJ84: 否 | AK84: 卡车 | AL84: LFT TRANSPORTATION INC | AM84: AOSOM GA-1 | AP84: 2026-03-12 23:59:59 | AQ84: 2026-03-05 23:59:59 | AS84: 2026-03-05 23:59:59 | AT84: 2026-03-05 23:59:59 | AU84: Drop off | AW84: 2026-03-06 23:59:59 | AX84: 2026-03-10 23:59:59 | AZ84: 2026-03-30 23:59:59 | BA84: 2026-03-11 23:59:59 | BK84: CIF | BL84: 594 | BM84: 65.11 | BN84: 10776.62 | BO84: 22272.96 | BP84: 22272.96 | BQ84: 25161.99 | BR84: 2889.04 | BS84: 美元 | BT84: 2886 | BV84: MSC UBERTY VIII | BW84: GE602E | BX84: 已申报 | BY84: 2026-01-16 21:02:35 | CD84: 2026-01-21 19:57:55 | CG84: MEDUKY789183 | CH84: MEDU | CI84: MEDUKY789183 | CJ84: MEDUKY789183 | CP84: 2026-01-22 00:00:00 | CT84: B2B：需换单
A85: 否 | B85: AOSOM LLC | C85: 25DSA6097 | D85: 25DSA6097 | E85: 25DSA6097 | F85: 已出运 | G85: 未清关 | H85: 已出运 | I85: MSDU5273986 | J85: 177WBQBQN0A889A | K85: MSC | L85: 40HQ | N85: 否 | O85: 0 | P85: 宁波 | Q85: 萨凡纳 | R85: 简达物流集团股份有限公司 | S85: Atlanta warehouse group | T85: 2026-03-07 00:00:00 | U85: 2026-03-07 00:00:00 | V85: 2026-01-20 00:00:00 | W85: 2026-02-25 23:59:59 | Y85: Sen Mart International Inc. | Z85: 否 | AA85: 全部传递 | AJ85: 否 | AK85: 卡车 | AL85: LFT TRANSPORTATION INC | AM85: AOSOM GA-1 | AP85: 2026-03-12 23:59:59 | AQ85: 2026-03-05 23:59:59 | AS85: 2026-03-05 23:59:59 | AT85: 2026-03-05 23:59:59 | AU85: Drop off | AW85: 2026-03-06 23:59:59 | AX85: 2026-03-10 23:59:59 | AZ85: 2026-03-30 23:59:59 | BA85: 2026-03-11 23:59:59 | BK85: CIF | BL85: 484 | BM85: 64.23 | BN85: 5871.8 | BO85: 15528.62 | BP85: 15528.62 | BQ85: 18416.84 | BR85: 2888.23 | BS85: 美元 | BT85: 2886 | BV85: MSC UBERTY VIII | BW85: GE602E | BX85: 已申报 | BY85: 2026-01-16 21:02:35 | CD85: 2026-01-21 19:57:56 | CG85: MEDUKY789167 | CH85: MEDU | CI85: MEDUKY789167 | CJ85: MEDUKY789167 | CP85: 2026-01-22 00:00:00 | CT85: B2B：需换单
A86: 否 | B86: AOSOM LLC | C86: 25DSA6098 | D86: 25DSA6098 | E86: 25DSA6098 | F86: 已出运 | G86: 未清关 | H86: 已出运 | I86: MSNU9717311 | J86: 177WBQBQN0A888A | K86: MSC | L86: 40HQ | N86: 是 | O86: 0 | P86: 宁波 | Q86: 萨凡纳 | R86: 简达物流集团股份有限公司 | S86: Atlanta warehouse group | T86: 2026-03-07 00:00:00 | U86: 2026-03-07 00:00:00 | V86: 2026-01-20 00:00:00 | W86: 2026-02-25 23:59:59 | Y86: Sen Mart International Inc. | Z86: 否 | AA86: 全部传递 | AJ86: 否 | AK86: 卡车 | AL86: LFT TRANSPORTATION INC | AM86: AOSOM GA-1 | AP86: 2026-03-12 23:59:59 | AQ86: 2026-03-05 23:59:59 | AS86: 2026-03-05 23:59:59 | AT86: 2026-03-05 23:59:59 | AU86: Drop off | AW86: 2026-03-06 23:59:59 | AX86: 2026-03-10 23:59:59 | AZ86: 2026-03-30 23:59:59 | BA86: 2026-03-11 23:59:59 | BK86: CIF | BL86: 1182 | BM86: 63.49 | BN86: 9113 | BO86: 23084.94 | BP86: 23084.94 | BQ86: 25974.08 | BR86: 2889.14 | BS86: 美元 | BT86: 2886 | BV86: MSC UBERTY VIII | BW86: GE602E | BX86: 已申报 | BY86: 2026-01-16 21:02:35 | CD86: 2026-01-21 19:57:56 | CG86: MEDUKY789142 | CH86: MEDU | CI86: MEDUKY789142 | CJ86: MEDUKY789142 | CP86: 2026-01-22 00:00:00 | CT86: B2B：需换单
A87: 否 | B87: AOSOM LLC | C87: 25DSA6099 | D87: 25DSA6099 | E87: 25DSA6099 | F87: 已出运 | G87: 未清关 | H87: 已出运 | I87: MSDU5985532 | J87: 177WBQBQN0A887A | K87: MSC | L87: 40HQ | N87: 否 | O87: 0 | P87: 宁波 | Q87: 萨凡纳 | R87: 简达物流集团股份有限公司 | S87: Atlanta warehouse group | T87: 2026-03-07 00:00:00 | U87: 2026-03-07 00:00:00 | V87: 2026-01-20 00:00:00 | W87: 2026-02-25 23:59:59 | Y87: Sen Mart International Inc. | Z87: 否 | AA87: 全部传递 | AJ87: 否 | AK87: 卡车 | AL87: LFT TRANSPORTATION INC | AM87: AOSOM GA-1 | AP87: 2026-03-12 23:59:59 | AQ87: 2026-03-05 23:59:59 | AS87: 2026-03-05 23:59:59 | AT87: 2026-03-05 23:59:59 | AU87: Drop off | AW87: 2026-03-06 23:59:59 | AX87: 2026-03-10 23:59:59 | AZ87: 2026-03-30 23:59:59 | BA87: 2026-03-11 23:59:59 | BK87: CIF | BL87: 715 | BM87: 65.73 | BN87: 9300 | BO87: 22198.33 | BP87: 22198.33 | BQ87: 25087.36 | BR87: 2889.04 | BS87: 美元 | BT87: 2886 | BV87: MSC UBERTY VIII | BW87: GE602E | BX87: 已申报 | BY87: 2026-01-16 21:02:36 | CD87: 2026-01-21 19:57:57 | CG87: MEDUKY789126 | CH87: MEDU | CI87: MEDUKY789126 | CJ87: MEDUKY789126 | CP87: 2026-01-22 00:00:00 | CT87: B2B：需换单
A88: 否 | B88: AOSOM LLC | C88: 25DSA6100 | D88: 25DSA6100 | E88: 25DSA6100 | F88: 已出运 | G88: 未清关 | H88: 已出运 | I88: CARU9976666 | J88: 177WBQBQN0A886A | K88: MSC | L88: 40HQ | N88: 否 | O88: 0 | P88: 宁波 | Q88: 萨凡纳 | R88: 简达物流集团股份有限公司 | S88: Atlanta warehouse group | T88: 2026-03-07 00:00:00 | U88: 2026-03-07 00:00:00 | V88: 2026-01-20 00:00:00 | W88: 2026-02-25 23:59:59 | Y88: Sen Mart International Inc. | Z88: 否 | AA88: 全部传递 | AJ88: 是 | AK88: 卡车 | AL88: LFT TRANSPORTATION INC | AM88: AOSOM GA-1 | AP88: 2026-03-12 23:59:59 | AQ88: 2026-03-05 23:59:59 | AS88: 2026-03-06 23:59:59 | AT88: 2026-03-05 23:59:59 | AU88: Drop off | AW88: 2026-03-06 23:59:59 | AX88: 2026-03-10 23:59:59 | AZ88: 2026-03-30 23:59:59 | BA88: 2026-03-11 23:59:59 | BK88: CIF | BL88: 544 | BM88: 68.19 | BN88: 9738.8 | BO88: 19585.55 | BP88: 19585.55 | BQ88: 22474.26 | BR88: 2888.72 | BS88: 美元 | BT88: 2886 | BV88: MSC UBERTY VIII | BW88: GE602E | BX88: 已申报 | BY88: 2026-01-17 21:01:57 | CD88: 2026-01-21 19:58:58 | CG88: MEDUKY789100 | CH88: MEDU | CI88: MEDUKY789100 | CJ88: MEDUKY789100 | CP88: 2026-01-22 00:00:00 | CT88: B2B：需换单
A89: 否 | B89: AOSOM LLC | C89: 25DSA6101 | D89: 25DSA6101 | E89: 25DSA6101 | F89: 已出运 | G89: 未清关 | H89: 已出运 | I89: CAIU7769787 | J89: 177WBQBQN0A885A | K89: MSC | L89: 40HQ | N89: 否 | O89: 0 | P89: 宁波 | Q89: 萨凡纳 | R89: 简达物流集团股份有限公司 | S89: Atlanta warehouse group | T89: 2026-03-07 00:00:00 | U89: 2026-03-07 00:00:00 | V89: 2026-01-20 00:00:00 | W89: 2026-02-25 23:59:59 | Y89: SODARISE INC | Z89: 否 | AA89: 全部传递 | AJ89: 否 | AK89: 卡车 | AL89: LFT TRANSPORTATION INC | AM89: AOSOM GA-1 | AP89: 2026-03-12 23:59:59 | AQ89: 2026-03-05 23:59:59 | AS89: 2026-03-05 23:59:59 | AT89: 2026-03-05 23:59:59 | AU89: Drop off | AW89: 2026-03-06 23:59:59 | AX89: 2026-03-11 23:59:59 | AZ89: 2026-03-30 23:59:59 | BA89: 2026-03-12 23:59:59 | BK89: CIF | BL89: 600 | BM89: 63.3 | BN89: 12672.5 | BO89: 39508.6 | BP89: 39508.6 | BQ89: 42399.74 | BR89: 2891.13 | BS89: 美元 | BT89: 2886 | BV89: MSC UBERTY VIII | BW89: GE602E | BX89: 已申报 | BY89: 2026-01-17 21:01:57 | CD89: 2026-01-21 19:58:57 | CG89: MEDUKY789084 | CH89: MEDU | CI89: MEDUKY789084 | CJ89: MEDUKY789084 | CP89: 2026-01-22 00:00:00 | CT89: B2B：需换单
A90: 否 | B90: AOSOM LLC | C90: 25DSA6102 | D90: 25DSA6102 | E90: 25DSA6102 | F90: 已出运 | G90: 未清关 | H90: 已出运 | I90: MSCU5143850 | J90: 177WBQBQN0A884A | K90: MSC | L90: 40HQ | N90: 否 | O90: 0 | P90: 宁波 | Q90: 萨凡纳 | R90: 简达物流集团股份有限公司 | S90: Atlanta warehouse group | T90: 2026-03-07 00:00:00 | U90: 2026-03-07 00:00:00 | V90: 2026-01-20 00:00:00 | W90: 2026-02-25 23:59:59 | Y90: Sen Mart International Inc. | Z90: 否 | AA90: 全部传递 | AJ90: 否 | AK90: 卡车 | AL90: LFT TRANSPORTATION INC | AM90: AOSOM GA-1 | AP90: 2026-03-12 23:59:59 | AQ90: 2026-03-05 23:59:59 | AS90: 2026-03-05 23:59:59 | AT90: 2026-03-05 23:59:59 | AU90: Drop off | AW90: 2026-03-06 23:59:59 | AX90: 2026-03-11 23:59:59 | AZ90: 2026-03-30 23:59:59 | BA90: 2026-03-12 23:59:59 | BK90: CIF | BL90: 587 | BM90: 63.64 | BN90: 13067.5 | BO90: 32883.62 | BP90: 32883.62 | BQ90: 35773.97 | BR90: 2890.33 | BS90: 美元 | BT90: 2886 | BV90: MSC UBERTY VIII | BW90: GE602E | BX90: 已申报 | BY90: 2026-01-16 21:02:36 | CD90: 2026-01-21 19:57:57 | CG90: MEDUKY789068 | CH90: MEDU | CI90: MEDUKY789068 | CJ90: MEDUKY789068 | CP90: 2026-01-22 00:00:00 | CT90: B2B：需换单
A91: 否 | B91: AOSOM LLC | C91: 25DSA6104 | D91: 25DSA6104 | E91: 25DSA6104 | F91: 已出运 | G91: 已完成 | H91: 已提柜 | I91: HASU5098051 | J91: 277629326 | K91: MAERSK | L91: 40HQ | N91: 否 | O91: 0 | P91: 宁波 | Q91: 萨凡纳 | R91: 简达物流集团股份有限公司 | S91: Atlanta warehouse group | T91: 2026-02-19 23:15:00 | U91: 2026-02-19 23:15:00 | V91: 2026-01-16 00:00:00 | W91: 2026-02-16 23:59:59 | Y91: Sen Mart International Inc. | Z91: 否 | AA91: 部分生成 | AF91: 2026-02-19 22:51:00 | AG91: 2026-02-21 04:50:00 | AH91: GARDEN CITY MARINE TERMINAL | AI91: 2026-02-28 23:59:59 | AJ91: 否 | AK91: 卡车 | AL91: LFT TRANSPORTATION INC | AM91: AOSOM GA-1 | AP91: 2026-02-28 23:59:59 | AQ91: 2026-02-24 23:59:59 | AR91: 2026-02-25 13:09:00 | AS91: 2026-02-24 23:59:59 | AT91: 2026-02-24 23:59:59 | AU91: Drop off | AW91: 2026-02-25 23:59:59 | AX91: 2026-02-27 23:59:59 | AZ91: 2026-03-06 23:59:59 | BA91: 2026-02-28 23:59:59 | BK91: FOB | BL91: 1549 | BM91: 66.73 | BN91: 17479.3 | BO91: 31418.22 | BP91: 31418.22 | BQ91: 31418.22 | BR91: 0 | BS91: 美元 | BT91: 2639 | BV91: MAERSK TAIKUNG | BW91: 602E | BX91: 已申报 | BY91: 2026-01-05 21:01:58 | CD91: 2026-01-16 19:49:17 | CG91: 277629326 | CH91: MAEU | CI91: MAEU277629326 | CJ91: MAEU277629326 | CP91: 2026-01-16 00:00:00 | CT91: B2B：需换单
A92: 否 | B92: AOSOM LLC | C92: 25DSA6105 | D92: 25DSA6105 | E92: 25DSA6105 | F92: 已出运 | G92: 未清关 | H92: 已提柜 | I92: TCNU8367512 | J92: 277629325 | K92: MAERSK | L92: 40HQ | N92: 否 | O92: 0 | P92: 宁波 | Q92: 萨凡纳 | R92: 简达物流集团股份有限公司 | S92: Atlanta warehouse group | T92: 2026-02-19 23:15:00 | U92: 2026-02-19 23:15:00 | V92: 2026-01-16 00:00:00 | W92: 2026-02-16 23:59:59 | Y92: Sen Mart International Inc. | Z92: 否 | AA92: 全部生成 | AB92: 2026-02-13 20:04:45 | AF92: 2026-02-19 22:51:00 | AG92: 2026-02-20 20:00:00 | AH92: GARDEN CITY MARINE TERMINAL | AI92: 2026-02-27 23:59:59 | AJ92: 否 | AK92: 卡车 | AL92: LFT TRANSPORTATION INC | AM92: AOSOM GA-1 | AP92: 2026-02-27 23:59:59 | AQ92: 2026-02-24 23:59:59 | AR92: 2026-02-25 13:29:00 | AS92: 2026-02-24 23:59:59 | AT92: 2026-02-24 23:59:59 | AU92: Drop off | AW92: 2026-02-25 23:59:59 | AX92: 2026-02-27 23:59:59 | AZ92: 2026-03-06 23:59:59 | BA92: 2026-02-28 23:59:59 | BK92: FOB | BL92: 275 | BM92: 64.18 | BN92: 7050 | BO92: 18662.5 | BP92: 18662.5 | BQ92: 18662.5 | BR92: 0 | BS92: 美元 | BT92: 2639 | BV92: MAERSK TAIKUNG | BW92: 602E | BX92: 已申报 | BY92: 2026-01-05 21:01:59 | CD92: 2026-01-16 19:49:18 | CG92: 277629325 | CH92: MAEU | CI92: MAEU277629325 | CJ92: MAEU277629325 | CP92: 2026-01-16 00:00:00 | CT92: B2B：需换单
A93: 否 | B93: AOSOM LLC | C93: 25DSA6106 | D93: 25DSA6106 | E93: 25DSA6106 | F93: 已出运 | G93: 未清关 | H93: 已出运 | I93: MSKU1915912 | J93: 277629330 | K93: MAERSK | L93: 40HQ | N93: 否 | O93: 0 | P93: 宁波 | Q93: 萨凡纳 | R93: 简达物流集团股份有限公司 | S93: Atlanta warehouse group | T93: 2026-03-06 07:00:00 | U93: 2026-03-06 07:00:00 | V93: 2026-01-30 00:00:00 | W93: 2026-03-03 23:59:59 | Y93: Sen Mart International Inc. | Z93: 否 | AA93: 全部生成 | AB93: 2026-02-13 16:02:34 | AJ93: 否 | AK93: 卡车 | AP93: 2026-03-11 23:59:59 | AZ93: 2026-03-17 23:59:59 | BK93: FOB | BL93: 828 | BM93: 65.55 | BN93: 8757.4 | BO93: 19996.08 | BP93: 19996.08 | BQ93: 19996.08 | BR93: 0 | BS93: 美元 | BT93: 2639 | BV93: CCNI ARAUCO | BW93: 604E | BX93: 已申报 | BY93: 2026-01-19 21:02:11 | CD93: 2026-01-30 19:57:48 | CG93: 277629330 | CH93: MAEU | CI93: MAEU277629330 | CJ93: MAEU277629330 | CP93: 2026-01-31 00:00:00 | CT93: B2B：需换单
A94: 否 | B94: AOSOM LLC | C94: 25DSA6119 | D94: 25DSA6119 | E94: 25DSA6119 | F94: 已出运 | G94: 已完成 | H94: 已还箱 | I94: TCKU6951224 | J94: 277628998 | K94: MAERSK | L94: 40HQ | N94: 否 | O94: 0 | P94: 宁波 | Q94: 洛杉矶 | R94: 简达物流集团股份有限公司 | S94: Los warehouse group | T94: 2026-01-21 10:00:00 | U94: 2026-01-21 10:00:00 | V94: 2026-01-05 00:00:00 | W94: 2026-01-18 23:59:59 | Y94: Sen Mart International Inc. | Z94: 否 | AA94: 全部生成 | AB94: 2026-02-13 19:59:39 | AF94: 2026-01-20 15:07:00 | AG94: 2026-01-24 08:56:00 | AH94: APM TERMINALS LOS ANGELES PIER 400 | AI94: 2026-01-29 23:59:59 | AJ94: 否 | AK94: 卡车 | AL94: SHANGHAI FLYING FISH SUPPLY CHAIN TECHNOLOGY CO.,L | AM94: AOSOM CA-1 | AN94: AOSOM CA-1 | AO94: 2026-02-02 14:09:29 | AP94: 2026-01-29 23:59:59 | AQ94: 2026-01-27 00:00:00 | AR94: 2026-01-27 07:28:00 | AS94: 2026-01-27 00:00:00 | AT94: 2026-01-27 00:00:00 | AU94: Drop off | AW94: 2026-01-27 00:00:00 | AX94: 2026-01-27 00:00:00 | AZ94: 2026-02-05 23:59:59 | BA94: 2026-01-28 00:00:00 | BB94: 2026-02-01 07:39:00 | BK94: FOB | BL94: 664 | BM94: 63.41 | BN94: 6857.2 | BO94: 10970.9 | BP94: 10970.9 | BQ94: 10970.9 | BR94: 0 | BS94: 美元 | BT94: 1500 | BV94: HUDSON EXPRESS | BW94: 601E | BX94: 已申报 | BY94: 2025-12-27 21:02:07 | CD94: 2026-01-05 20:16:26 | CG94: 277628998 | CH94: MAEU | CI94: MAEU277628998 | CJ94: MAEU277628998 | CM94: WMS已完成 | CN94: 已入库 | CO94: 2026-02-02 08:06:13 | CP94: 2026-01-06 00:00:00 | CT94: B2B：需换单
A95: 否 | B95: AOSOM LLC | C95: 25DSA6120 | D95: 25DSA6120 | E95: 25DSA6120 | F95: 已出运 | G95: 已完成 | H95: 已还箱 | I95: MRKU2759411 | J95: 277628997 | K95: MAERSK | L95: 40HQ | N95: 是 | O95: 0 | P95: 宁波 | Q95: 洛杉矶 | R95: 简达物流集团股份有限公司 | S95: Los warehouse group | T95: 2026-01-21 10:00:00 | U95: 2026-01-21 10:00:00 | V95: 2026-01-05 00:00:00 | W95: 2026-01-18 23:59:59 | Y95: Sen Mart International Inc. | Z95: 否 | AA95: 全部生成 | AB95: 2026-02-13 19:59:40 | AF95: 2026-01-20 15:07:00 | AG95: 2026-01-23 01:02:00 | AH95: APM TERMINALS LOS ANGELES PIER 400 | AI95: 2026-01-27 23:59:59 | AJ95: 否 | AK95: 卡车 | AL95: SHANGHAI FLYING FISH SUPPLY CHAIN TECHNOLOGY CO.,L | AM95: AOSOM CA-1 | AN95: AOSOM CA-1 | AO95: 2026-02-02 14:09:30 | AP95: 2026-01-27 23:59:59 | AQ95: 2026-01-27 00:00:00 | AR95: 2026-01-27 17:17:04 | AS95: 2026-01-27 00:00:00 | AT95: 2026-01-27 00:00:00 | AU95: Drop off | AW95: 2026-01-27 00:00:00 | AX95: 2026-01-27 00:00:00 | AZ95: 2026-02-05 23:59:59 | BA95: 2026-01-28 00:00:00 | BB95: 2026-01-30 17:12:00 | BK95: FOB | BL95: 929 | BM95: 64.38 | BN95: 17448 | BO95: 42074.64 | BP95: 42074.64 | BQ95: 42074.64 | BR95: 0 | BS95: 美元 | BT95: 1500 | BV95: HUDSON EXPRESS | BW95: 601E | BX95: 已申报 | BY95: 2025-12-27 21:02:08 | CD95: 2026-01-05 20:16:26 | CG95: 277628997 | CH95: MAEU | CI95: MAEU277628997 | CJ95: MAEU277628997 | CM95: WMS已完成 | CN95: 已入库 | CO95: 2026-02-02 10:32:01 | CP95: 2026-01-06 00:00:00 | CT95: B2B：需换单
A96: 否 | B96: AOSOM LLC | C96: 25DSA6121 | D96: 25DSA6121 | E96: 25DSA6121 | F96: 已出运 | G96: 已完成 | H96: 已还箱 | I96: CAAU5298366 | J96: 277629014 | K96: MAERSK | L96: 40HQ | N96: 否 | O96: 0 | P96: 宁波 | Q96: 萨凡纳 | R96: 简达物流集团股份有限公司 | S96: Atlanta warehouse group | T96: 2026-02-06 20:00:00 | U96: 2026-02-06 20:00:00 | V96: 2026-01-02 00:00:00 | W96: 2026-02-03 23:59:59 | Y96: Sen Mart International Inc. | Z96: 否 | AA96: 全部传递 | AF96: 2026-02-05 11:10:00 | AG96: 2026-02-06 04:36:00 | AH96: GARDEN CITY MARINE TERMINAL | AI96: 2026-02-13 23:59:59 | AJ96: 否 | AK96: 卡车 | AL96: Portguys Logistics Llc | AM96: AOSOM GA-1 | AN96: AOSOM GA-1 | AO96: 2026-02-13 08:09:14 | AP96: 2026-02-13 23:59:59 | AQ96: 2026-02-10 08:55:00 | AR96: 2026-02-10 08:55:00 | AS96: 2026-02-10 08:55:00 | AT96: 2026-02-10 08:55:00 | AU96: Drop off | AW96: 2026-02-11 08:55:00 | AX96: 2026-02-12 05:37:00 | AZ96: 2026-02-19 23:59:59 | BA96: 2026-02-13 05:37:00 | BB96: 2026-02-12 15:46:00 | BK96: FOB | BL96: 655 | BM96: 66.4 | BN96: 13329 | BO96: 26903.2 | BP96: 26903.2 | BQ96: 26903.2 | BR96: 0 | BS96: 美元 | BT96: 2529 | BV96: MAERSK SINGAPORE | BW96: 552E | BX96: 已申报 | BY96: 2025-12-22 21:02:06 | CD96: 2026-01-03 02:14:25 | CG96: 277629014 | CH96: MAEU | CI96: MAEU277629014 | CJ96: MAEU277629014 | CM96: WMS已完成 | CN96: 已入库 | CO96: 2026-02-13 04:36:34 | CP96: 2026-01-03 00:00:00 | CT96: B2B：需换单
A97: 否 | B97: AOSOM LLC | C97: 25DSA6122 | D97: 25DSA6122 | E97: 25DSA6122 | F97: 已出运 | G97: 已完成 | H97: 已还箱 | I97: MRSU5532091 | J97: 277629013 | K97: MAERSK | L97: 40HQ | N97: 是 | O97: 0 | P97: 宁波 | Q97: 萨凡纳 | R97: 简达物流集团股份有限公司 | S97: Atlanta warehouse group | T97: 2026-02-06 20:00:00 | U97: 2026-02-06 20:00:00 | V97: 2026-01-02 00:00:00 | W97: 2026-02-03 23:59:59 | Y97: Sen Mart International Inc. | Z97: 否 | AA97: 全部生成 | AB97: 2026-02-13 19:57:14 | AF97: 2026-02-05 11:10:00 | AG97: 2026-02-06 13:27:00 | AH97: GARDEN CITY MARINE TERMINAL | AI97: 2026-02-13 23:59:59 | AJ97: 否 | AK97: 卡车 | AL97: Portguys Logistics Llc | AM97: AOSOM GA-1 | AN97: AOSOM GA-1 | AO97: 2026-02-16 07:39:01 | AP97: 2026-02-13 23:59:59 | AQ97: 2026-02-10 16:40:43 | AR97: 2026-02-10 16:40:43 | AS97: 2026-02-10 16:40:43 | AT97: 2026-02-10 16:40:43 | AU97: Drop off | AW97: 2026-02-11 16:40:43 | AX97: 2026-02-12 05:37:00 | AZ97: 2026-02-19 23:59:59 | BA97: 2026-02-13 05:37:00 | BB97: 2026-02-16 08:51:00 | BK97: FOB | BL97: 796 | BM97: 67.06 | BN97: 10854.65 | BO97: 20052.43 | BP97: 20052.43 | BQ97: 20052.43 | BR97: 0 | BS97: 美元 | BT97: 2529 | BV97: MAERSK SINGAPORE | BW97: 552E | BX97: 已申报 | BY97: 2025-12-22 21:02:06 | CD97: 2026-01-03 02:14:25 | CG97: 277629013 | CH97: MAEU | CI97: MAEU277629013 | CJ97: MAEU277629013 | CM97: WMS已完成 | CN97: 已入库 | CO97: 2026-02-16 05:22:34 | CP97: 2026-01-03 00:00:00 | CT97: B2B：需换单
A98: 否 | B98: AOSOM LLC | C98: 25DSA6123 | D98: 25DSA6123 | E98: 25DSA6123 | F98: 已出运 | G98: 已完成 | H98: 已还箱 | I98: TCKU7578310 | J98: 277629012 | K98: MAERSK | L98: 40HQ | N98: 否 | O98: 0 | P98: 宁波 | Q98: 萨凡纳 | R98: 简达物流集团股份有限公司 | S98: Atlanta warehouse group | T98: 2026-02-06 20:00:00 | U98: 2026-02-06 20:00:00 | V98: 2026-01-02 00:00:00 | W98: 2026-02-03 23:59:59 | Y98: Sen Mart International Inc. | Z98: 否 | AA98: 全部生成 | AB98: 2026-02-13 19:57:39 | AF98: 2026-02-05 11:10:00 | AG98: 2026-02-06 11:36:00 | AH98: GARDEN CITY MARINE TERMINAL | AI98: 2026-02-13 23:59:59 | AJ98: 否 | AK98: 卡车 | AL98: Portguys Logistics Llc | AM98: AOSOM GA-1 | AN98: AOSOM GA-1 | AO98: 2026-02-13 08:39:36 | AP98: 2026-02-13 23:59:59 | AQ98: 2026-02-10 09:38:00 | AR98: 2026-02-10 09:38:00 | AS98: 2026-02-10 09:38:00 | AT98: 2026-02-10 09:38:00 | AU98: Drop off | AW98: 2026-02-11 09:38:00 | AX98: 2026-02-12 05:37:00 | AZ98: 2026-02-19 23:59:59 | BA98: 2026-02-13 05:37:00 | BB98: 2026-02-16 04:10:00 | BK98: FOB | BL98: 415 | BM98: 65.07 | BN98: 5451 | BO98: 13422.09 | BP98: 13422.09 | BQ98: 13422.09 | BR98: 0 | BS98: 美元 | BT98: 2529 | BV98: MAERSK SINGAPORE | BW98: 552E | BX98: 已申报 | BY98: 2025-12-23 09:22:45 | CD98: 2026-01-03 02:14:46 | CG98: 277629012 | CH98: MAEU | CI98: MAEU277629012 | CJ98: MAEU277629012 | CM98: WMS已完成 | CN98: 已入库 | CO98: 2026-02-13 04:36:38 | CP98: 2026-01-03 00:00:00 | CT98: B2B：需换单
A99: 否 | B99: AOSOM LLC | C99: 25DSA6124 | D99: 25DSA6124 | E99: 25DSA6124 | F99: 已出运 | G99: 已完成 | H99: 已还箱 | I99: UETU8504437 | J99: 277629011 | K99: MAERSK | L99: 40HQ | N99: 否 | O99: 0 | P99: 宁波 | Q99: 萨凡纳 | R99: 简达物流集团股份有限公司 | S99: Atlanta warehouse group | T99: 2026-02-06 20:00:00 | U99: 2026-02-06 20:00:00 | V99: 2026-01-02 00:00:00 | W99: 2026-02-03 23:59:59 | Y99: Sen Mart International Inc. | Z99: 否 | AA99: 全部生成 | AB99: 2026-02-13 19:57:15 | AF99: 2026-02-05 11:10:00 | AG99: 2026-02-06 04:13:00 | AH99: GARDEN CITY MARINE TERMINAL | AI99: 2026-02-13 23:59:59 | AJ99: 否 | AK99: 卡车 | AL99: Portguys Logistics Llc | AM99: AOSOM GA-1 | AN99: AOSOM GA-1 | AO99: 2026-02-13 09:39:12 | AP99: 2026-02-13 23:59:59 | AQ99: 2026-02-09 08:48:00 | AR99: 2026-02-09 08:48:00 | AS99: 2026-02-09 08:48:00 | AT99: 2026-02-09 08:48:00 | AU99: Drop off | AW99: 2026-02-10 08:48:00 | AX99: 2026-02-11 05:37:00 | AZ99: 2026-02-18 23:59:59 | BA99: 2026-02-12 05:37:00 | BB99: 2026-02-16 04:31:00 | BH99: 2026-02-13 12:00:16 | BK99: FOB | BL99: 671 | BM99: 67.42 | BN99: 13419.8 | BO99: 27369.05 | BP99: 27369.05 | BQ99: 27369.05 | BR99: 0 | BS99: 美元 | BT99: 2529 | BV99: MAERSK SINGAPORE | BW99: 552E | BX99: 已申报 | BY99: 2025-12-22 21:02:06 | CD99: 2026-01-03 02:14:26 | CG99: 277629011 | CH99: MAEU | CI99: MAEU277629011 | CJ99: MAEU277629011 | CM99: WMS已完成 | CN99: 已入库 | CO99: 2026-02-13 07:20:14 | CP99: 2026-01-03 00:00:00 | CT99: B2B：需换单
A100: 否 | B100: AOSOM LLC | C100: 25DSA6125 | D100: 25DSA6125 | E100: 25DSA6125 | F100: 已出运 | G100: 已完成 | H100: 已还箱 | I100: MRSU8287892 | J100: 277629010 | K100: MAERSK | L100: 40HQ | N100: 否 | O100: 0 | P100: 宁波 | Q100: 萨凡纳 | R100: 简达物流集团股份有限公司 | S100: Atlanta warehouse group | T100: 2026-02-06 20:00:00 | U100: 2026-02-06 20:00:00 | V100: 2026-01-02 00:00:00 | W100: 2026-02-03 23:59:59 | Y100: Sen Mart International Inc. | Z100: 否 | AA100: 全部生成 | AB100: 2026-02-13 19:57:15 | AF100: 2026-02-05 11:10:00 | AG100: 2026-02-06 15:27:00 | AH100: GARDEN CITY MARINE TERMINAL | AI100: 2026-02-13 23:59:59 | AJ100: 否 | AK100: 卡车 | AL100: Portguys Logistics Llc | AM100: AOSOM GA-1 | AN100: AOSOM GA-1 | AO100: 2026-02-17 08:39:13 | AP100: 2026-02-13 23:59:59 | AQ100: 2026-02-10 09:14:00 | AR100: 2026-02-10 09:14:00 | AS100: 2026-02-10 09:14:00 | AT100: 2026-02-10 09:14:00 | AU100: Drop off | AW100: 2026-02-11 09:14:00 | AX100: 2026-02-12 05:37:00 | AZ100: 2026-02-19 23:59:59 | BA100: 2026-02-13 05:37:00 | BB100: 2026-02-16 15:08:00 | BH100: 2026-02-17 12:00:17 | BK100: FOB | BL100: 795 | BM100: 65.89 | BN100: 12067 | BO100: 30213.1 | BP100: 30213.1 | BQ100: 30213.1 | BR100: 0 | BS100: 美元 | BT100: 2529 | BV100: MAERSK SINGAPORE | BW100: 552E | BX100: 已申报 | BY100: 2025-12-22 21:02:07 | CD100: 2026-01-03 02:14:26 | CG100: 277629010 | CH100: MAEU | CI100: MAEU277629010 | CJ100: MAEU277629010 | CM100: WMS已完成 | CN100: 已入库 | CO100: 2026-02-17 06:05:48 | CP100: 2026-01-03 00:00:00 | CT100: B2B：需换单
...

Sheet Sheet3
A1: BEAU5745293 | B1: 2026-02-05 00:00:00
A2: BMOU4750406 | B2: 2026-02-19 14:42:00
A3: BMOU6025461 | B3: 2026-01-27 00:00:00
A4: CAAU5298366 | B4: 2026-02-10 08:55:00
A5: CAAU5306327 | B5: 2026-02-10 00:00:00
A6: CAIU4403602 | B6: 2026-02-09 00:00:00
A7: CAIU8752480 | B7: 2026-02-09 00:00:00
A8: CAIU9847256 | B8: 2026-01-28 00:00:00
A9: CAJU5303664 | B9: 2026-02-12 00:00:00
A10: CIPU5045140 | B10: 2026-02-12 00:00:00
A11: FFAU1739261 | B11: 2026-02-04 00:00:00
A12: FFAU1999660 | B12: 2026-02-09 00:00:00
... A119: UETU8504437 | B119: 2026-02-09 08:48:00
